source,native,name,p_value,significant,description,term_size,query_size,intersection_size,effective_domain_size,precision,recall,query,parents
GO:BP,GO:0039694,viral RNA genome replication,0.04456264802509547,True,"""The replication of a viral RNA genome."" [GOC:bf, GOC:jl]",32,227,5,21026,0.022026431718061675,0.15625,query_1,"['GO:0019079', 'GO:0032774']"
GO:BP,GO:0008610,lipid biosynthetic process,0.02933043917995127,True,"""The chemical reactions and pathways resulting in the formation of lipids, compounds soluble in an organic solvent but not, or sparingly, in an aqueous solvent."" [GOC:go_curators]",729,227,22,21026,0.09691629955947137,0.03017832647462277,query_1,"['GO:0006629', 'GO:0009058']"
GO:BP,GO:0006626,protein targeting to mitochondrion,0.034517500283969695,True,"""The process of directing proteins towards and into the mitochondrion, usually mediated by mitochondrial proteins that recognize signals contained within the imported protein."" [GOC:mcc, ISBN:0716731363]",104,227,8,21026,0.03524229074889868,0.07692307692307693,query_1,"['GO:0006605', 'GO:0072655']"
GO:BP,GO:0051234,establishment of localization,0.03921731362098238,True,"""Any process that localizes a substance or cellular component. This may occur via movement, tethering or selective degradation."" [GOC:ai, GOC:dos]",4928,227,81,21026,0.3568281938325991,0.016436688311688312,query_1,['GO:0051179']
GO:BP,GO:0045006,DNA deamination,0.02433136904661764,True,"""The removal of an amino group from a nucleotide base in DNA. An example is the deamination of cytosine to produce uracil."" [GOC:ai]",14,227,4,21026,0.01762114537444934,0.2857142857142857,query_1,['GO:0006304']
GO:BP,GO:0031669,cellular response to nutrient levels,0.006443629051092515,True,"""Any process that results in a change in state or activity of a cell (in terms of movement, secretion, enzyme production, gene expression, etc.) as a result of a stimulus reflecting the presence, absence, or concentration of nutrients."" [GOC:mah]",248,227,13,21026,0.05726872246696035,0.05241935483870968,query_1,"['GO:0031667', 'GO:0051716']"
GO:BP,GO:0009056,catabolic process,0.04344815701391779,True,"""A cellular process consisting of the biochemical pathways by which a living organism breaks down substances. This includes the breakdown of carbon compounds with the liberation of energy for use by the cell or organism."" [ISBN:0198547684]",2639,227,51,21026,0.22466960352422907,0.019325502084122773,query_1,['GO:0008152']
GO:BP,GO:0016554,cytidine to uridine editing,0.017527868562621052,True,"""The conversion of a cytosine residue to uridine in an RNA molecule by deamination."" [PMID:11092837]",13,227,4,21026,0.01762114537444934,0.3076923076923077,query_1,['GO:0016553']
GO:BP,GO:0033036,macromolecule localization,0.021625205465711936,True,"""Any process in which a macromolecule is transported to, or maintained in, a specific location."" [GOC:mah]",3228,227,60,21026,0.2643171806167401,0.01858736059479554,query_1,['GO:0051179']
GO:BP,GO:0042594,response to starvation,0.009850847979175577,True,"""Any process that results in a change in state or activity of a cell or an organism (in terms of movement, secretion, enzyme production, gene expression, etc.) as a result of a starvation stimulus, deprivation of nourishment."" [GOC:go_curators]",219,227,12,21026,0.05286343612334802,0.0547945205479452,query_1,"['GO:0006950', 'GO:0031667']"
GO:BP,GO:0051179,localization,0.03230567979770438,True,"""Any process in which a cell, a substance, or a cellular entity, such as a protein complex or organelle, is transported, tethered to or otherwise maintained in a specific location. In the case of substances, localization may also be achieved via selective degradation."" [GOC:ai, GOC:dos]",5555,227,89,21026,0.3920704845814978,0.01602160216021602,query_1,['GO:0008150']
GO:BP,GO:0009267,cellular response to starvation,0.047126460545152966,True,"""Any process that results in a change in state or activity of a cell (in terms of movement, secretion, enzyme production, gene expression, etc.) as a result of deprivation of nourishment."" [GOC:jl]",177,227,10,21026,0.04405286343612335,0.05649717514124294,query_1,"['GO:0031669', 'GO:0033554', 'GO:0042594']"
GO:BP,GO:0044355,clearance of foreign intracellular DNA,0.04849763346135252,True,"""A defense process that protects an organism from invading foreign DNA."" [GO:jl, PMID:20062055]",6,227,3,21026,0.013215859030837005,0.5,query_1,['GO:0099046']
GO:BP,GO:0099046,clearance of foreign intracellular nucleic acids,0.04849763346135252,True,"""A defense process that protects an organism from DNA or RNA from an invading organism."" [GO:dos]",6,227,3,21026,0.013215859030837005,0.5,query_1,['GO:0140546']
GO:BP,GO:0039692,single stranded viral RNA replication via double stranded DNA intermediate,0.0049606808713640906,True,"""A viral genome replication where the template is single-stranded RNA (ssRNA), and which proceeds via a double stranded DNA (dsDNA) intermediate molecule. Viral genomic RNA is first reverse transcribed into dsDNA, which integrates into the host chromosomal DNA, where it is transcribed by host RNA polymerase II."" [GOC:bf, GOC:jl, ISBN:0198506732, VZ:1937]",21,227,5,21026,0.022026431718061675,0.23809523809523808,query_1,['GO:0039694']
GO:BP,GO:0006810,transport,0.0017642837187040728,True,"""The directed movement of substances (such as macromolecules, small molecules, ions) or cellular components (such as complexes and organelles) into, out of or within a cell, or between cells, or within a multicellular organism by means of some agent such as a transporter or a transporter complex, a pore or a motor protein."" [GOC:dos, GOC:dph, GOC:jl, GOC:mah]",4407,227,79,21026,0.34801762114537443,0.0179260267755843,query_1,['GO:0051234']
GO:BP,GO:0070383,DNA cytosine deamination,0.005281062940639995,True,"""The removal of an amino group from a cytosine residue in DNA, forming a uracil residue."" [GOC:mah]",10,227,4,21026,0.01762114537444934,0.4,query_1,['GO:0045006']
GO:CC,GO:0005737,cytoplasm,3.9888545172011085e-09,True,"""The contents of a cell excluding the plasma membrane and nucleus, but including other subcellular structures."" [ISBN:0198547684]",12527,236,183,22149,0.7754237288135594,0.014608445757164525,query_1,"['GO:0005622', 'GO:0110165']"
GO:CC,GO:0005829,cytosol,0.0036852438473146325,True,"""The part of the cytoplasm that does not contain organelles but which does contain other particulate matter, such as protein complexes."" [GOC:hjd, GOC:jl]",5534,236,89,22149,0.3771186440677966,0.016082399710878208,query_1,"['GO:0005737', 'GO:0110165']"
GO:CC,GO:0030054,cell junction,0.046603810970186406,True,"""A cellular component that forms a specialized region of connection between two or more cells, or between a cell and the extracellular matrix, or between two membrane-bound components of a cell, such as flagella."" [GOC:aruk, GOC:bc, GOC:mah, ISBN:0198506732, PMID:26820516, PMID:28096264]",2401,236,45,22149,0.1906779661016949,0.018742190753852563,query_1,['GO:0110165']
GO:CC,GO:0031090,organelle membrane,0.023838828114608374,True,"""A membrane that is one of the two lipid bilayers of an organelle envelope or the outermost membrane of single membrane bound organelle."" [GOC:dos, GOC:mah]",3842,236,65,22149,0.2754237288135593,0.01691827173347215,query_1,"['GO:0016020', 'GO:0043227']"
GO:CC,GO:0031966,mitochondrial membrane,0.04726701240287059,True,"""Either of the lipid bilayers that surround the mitochondrion and form the mitochondrial envelope."" [GOC:mah, NIF_Subcellular:sao1045389829]",790,236,21,22149,0.08898305084745763,0.026582278481012658,query_1,"['GO:0005740', 'GO:0031090']"
GO:CC,GO:0016020,membrane,0.0006510030328308129,True,"""A lipid bilayer along with all the proteins and protein complexes embedded in it and attached to it."" [GOC:dos, GOC:mah, ISBN:0815316194]",9953,236,142,22149,0.6016949152542372,0.014267055159248468,query_1,['GO:0110165']
GO:MF,GO:0060090,molecular adaptor activity,0.026109999123478136,True,"""The binding activity of a molecule that brings together two or more molecules through a selective, non-covalent, often stoichiometric interaction, permitting those molecules to function in a coordinated way."" [GOC:mtg_MIT_16mar07, GOC:vw]",1212,233,30,20246,0.12875536480686695,0.024752475247524754,query_1,['GO:0003674']
GO:MF,GO:0005515,protein binding,0.019231765834831667,True,"""Binding to a protein."" [GOC:go_curators]",15123,233,199,20246,0.8540772532188842,0.013158764795344838,query_1,['GO:0005488']
GO:MF,GO:0004126,cytidine deaminase activity,0.004655417948075834,True,"""Catalysis of the reaction: cytidine + H+ + H2O = uridine + NH4 and deoxycytidine + H+ + H2O = deoxyuridine + NH4+."" [EC:3.5.4.5]",13,233,4,20246,0.017167381974248927,0.3076923076923077,query_1,"['GO:0016814', 'GO:0019239']"
HP,HP:0100753,Schizophrenia,0.017184068565375347,True,"A mental disorder characterized by a disintegration of thought processes and emotional responsiveness. It most commonly manifests as auditory hallucinations, paranoid or bizarre delusions, or disorganized speech and thinking. It is accompanied by significant social or occupational dysfunction. The onset of symptoms typically occurs in young adulthood, with a global lifetime prevalence of about 1%. This term is not a helpful parent term to describe abnormal experiences.",74,75,8,5080,0.10666666666666667,0.10810810810810811,query_1,['HP:0025783']
HP,HP:0025766,Abnormal affect,0.02501322887203196,True,"An anomaly in intensity, frequency, or duration of the verbal or behavioral expression of emotions, feelings, or thoughts.",1340,75,37,5080,0.49333333333333335,0.027611940298507463,query_1,['HP:0011446']
HP,HP:0025779,Disorder of thought content,0.019009789593687595,True,Thought content disorders are characterized by abnormal beliefs and convictions (that are to be assessed given the culture and personal background of the affected individual).,75,75,8,5080,0.10666666666666667,0.10666666666666667,query_1,['HP:0025792']
HP,HP:0031058,Impairment of activities of daily living,0.026735054694734757,True,"Difficulty in performing one or more activities normally performed every day, such as eating, bathing, dressing, grooming, work, homemaking, and leisure.",189,75,12,5080,0.16,0.06349206349206349,query_1,['HP:0025142']
HP,HP:0012700,Abnormal large intestine physiology,0.027207929257255077,True,A functional anomaly of the large intestine.,57,75,7,5080,0.09333333333333334,0.12280701754385964,query_1,['HP:0025032']
HP,HP:0006510,Chronic pulmonary obstruction,0.022066787486335823,True,"An anomaly that is characterized progressive airflow obstruction that is only partly reversible, inflammation in the airways, and systemic effects or comorbities.",37,75,6,5080,0.08,0.16216216216216217,query_1,['HP:0006536']
HP,HP:0100851,Abnormal emotional state,0.0002974920541385252,True,"Emotions are complex psychological states that involve three distinct components: a subjective experience, a physiological response, and a behavioral or expressive response. In an abnormal emotional state, an affected individual shows altered intensity, frequency, or duration of emotional experiences.",691,75,28,5080,0.37333333333333335,0.04052098408104197,query_1,['HP:0025766']
HP,HP:0000745,Abnormal diminished volition,0.024407257462590558,True,"A reduction in willful and motivated goal-directed behavior that is considered the determinant of behavior and adaptation that allows individuals to get started, be energized to perform a sustained and directed action.",664,75,24,5080,0.32,0.03614457831325301,query_1,['HP:0025780']
HP,HP:0002607,Bowel incontinence,0.01278730526228542,True,Involuntary fecal soiling in adults and children who have usually already been toilet trained.,51,75,7,5080,0.09333333333333334,0.13725490196078433,query_1,"['HP:0012700', 'HP:0031064']"
HP,HP:0001660,Truncus arteriosus,0.0031584507503123606,True,"A single arterial trunk arises from the cardiac mass. The pulmonary arteries, aorta and coronary arteries arise from this single trunk with no evidence of another outflow tract.",27,75,6,5080,0.08,0.2222222222222222,query_1,['HP:0011603']
HP,HP:0006549,Unilateral primary pulmonary dysgenesis,0.04882071939063027,True,Unilateral primary pulmonary dysgenesis,5,75,3,5080,0.04,0.6,query_1,['HP:4000059']
HP,HP:0031064,Impaired continence,0.012154362756689002,True,Partial or total incontinence of bowel or bladder.,175,75,12,5080,0.16,0.06857142857142857,query_1,['HP:0031058']
HPA,HPA:0030072,Appendix; lymphoid tissue[≥Medium],0.007631101545338192,True,Appendix; lymphoid tissue[≥Medium],2988,153,65,10995,0.42483660130718953,0.02175368139223561,query_1,['HPA:0030071']
HPA,HPA:0160252,Endometrium 1; cells in endometrial stroma[≥Medium],0.006145655197618851,True,Endometrium 1; cells in endometrial stroma[≥Medium],2233,153,53,10995,0.3464052287581699,0.02373488580385132,query_1,['HPA:0160251']
HPA,HPA:0380522,Placenta; trophoblastic cells[≥Medium],0.009261271771719875,True,Placenta; trophoblastic cells[≥Medium],5040,153,95,10995,0.6209150326797386,0.018849206349206348,query_1,['HPA:0380521']
HPA,HPA:0160251,Endometrium 1; cells in endometrial stroma[≥Low],0.04113729101128588,True,Endometrium 1; cells in endometrial stroma[≥Low],4076,153,79,10995,0.5163398692810458,0.019381746810598625,query_1,['HPA:0160000']
HPA,HPA:0050091,Breast; myoepithelial cells[≥Low],0.011493016823077329,True,Breast; myoepithelial cells[≥Low],5651,153,103,10995,0.673202614379085,0.018226862502211998,query_1,['HPA:0050000']
HPA,HPA:0310431,Lymph node; germinal center cells[≥Low],0.03798148932099257,True,Lymph node; germinal center cells[≥Low],5049,153,93,10995,0.6078431372549019,0.0184194890077243,query_1,['HPA:0310000']
HPA,HPA:0390000,Prostate,0.025415958678728166,True,Prostate,6662,153,115,10995,0.7516339869281046,0.017262083458420896,query_1,['HPA:0000000']
HPA,HPA:0390051,Prostate; glandular cells[≥Low],0.025415958678728166,True,Prostate; glandular cells[≥Low],6662,153,115,10995,0.7516339869281046,0.017262083458420896,query_1,['HPA:0390000']
HPA,HPA:0380521,Placenta; trophoblastic cells[≥Low],0.049900945828418294,True,Placenta; trophoblastic cells[≥Low],6348,153,110,10995,0.7189542483660131,0.017328292375551356,query_1,['HPA:0380000']
HPA,HPA:0300000,Lung,0.008263739640062872,True,Lung,7358,153,125,10995,0.8169934640522876,0.016988312041315574,query_1,['HPA:0000000']
HPA,HPA:0030071,Appendix; lymphoid tissue[≥Low],0.003544266328666301,True,Appendix; lymphoid tissue[≥Low],4728,153,92,10995,0.6013071895424836,0.0194585448392555,query_1,['HPA:0030000']
KEGG,KEGG:03250,Viral life cycle - HIV-1,0.012473035069678706,True,Viral life cycle - HIV-1,62,110,6,8484,0.05454545454545454,0.0967741935483871,query_1,['KEGG:00000']
KEGG,KEGG:05170,Human immunodeficiency virus 1 infection,0.007244731463845112,True,Human immunodeficiency virus 1 infection,210,110,11,8484,0.1,0.05238095238095238,query_1,['KEGG:00000']
MIRNA,MIRNA:hsa-mir-3202,hsa-mir-3202,0.04136448975471595,True,hsa-mir-3202,1842,229,46,16638,0.20087336244541484,0.0249728555917481,query_1,['MIRNA:000000']
MIRNA,MIRNA:hsa-mir-3918,hsa-mir-3918,0.005266590110617016,True,hsa-mir-3918,1232,229,37,16638,0.1615720524017467,0.030032467532467532,query_1,['MIRNA:000000']
MIRNA,MIRNA:hsa-mir-3177-3p,hsa-mir-3177-3p,0.04662784654152962,True,hsa-mir-3177-3p,217,229,12,16638,0.05240174672489083,0.055299539170506916,query_1,['MIRNA:000000']
MIRNA,MIRNA:hsa-mir-874,hsa-mir-874,0.021406840453560977,True,hsa-mir-874,816,229,27,16638,0.11790393013100436,0.03308823529411765,query_1,['MIRNA:000000']
MIRNA,MIRNA:hsa-mir-324-3p,hsa-mir-324-3p,0.0021468689224188584,True,hsa-mir-324-3p,1539,229,44,16638,0.19213973799126638,0.028589993502274202,query_1,['MIRNA:000000']
MIRNA,MIRNA:hsa-mir-4651,hsa-mir-4651,0.023329289648049593,True,hsa-mir-4651,1582,229,42,16638,0.18340611353711792,0.02654867256637168,query_1,['MIRNA:000000']
MIRNA,MIRNA:hsa-mir-744,hsa-mir-744,0.012705039629402982,True,hsa-mir-744,366,229,17,16638,0.07423580786026202,0.04644808743169399,query_1,['MIRNA:000000']
MIRNA,MIRNA:hsa-mir-5088-5p,hsa-mir-5088-5p,0.041019412653951315,True,hsa-mir-5088-5p,47,229,6,16638,0.026200873362445413,0.1276595744680851,query_1,['MIRNA:000000']
MIRNA,MIRNA:hsa-mir-1913,hsa-mir-1913,0.02067546801817863,True,hsa-mir-1913,1362,229,38,16638,0.16593886462882096,0.027900146842878122,query_1,['MIRNA:000000']
MIRNA,MIRNA:hsa-mir-4763-5p,hsa-mir-4763-5p,0.039233644808189,True,hsa-mir-4763-5p,942,229,29,16638,0.12663755458515283,0.03078556263269639,query_1,['MIRNA:000000']
MIRNA,MIRNA:hsa-mir-4650-5p,hsa-mir-4650-5p,0.04769841710606224,True,hsa-mir-4650-5p,1052,229,31,16638,0.13537117903930132,0.029467680608365018,query_1,['MIRNA:000000']
MIRNA,MIRNA:hsa-mir-608,hsa-mir-608,0.025134029595360076,True,hsa-mir-608,1587,229,42,16638,0.18340611353711792,0.026465028355387523,query_1,['MIRNA:000000']
MIRNA,MIRNA:hsa-mir-3173-5p,hsa-mir-3173-5p,0.036887910225207106,True,hsa-mir-3173-5p,988,229,30,16638,0.13100436681222707,0.030364372469635626,query_1,['MIRNA:000000']
MIRNA,MIRNA:hsa-mir-1909,hsa-mir-1909,0.006176801718731691,True,hsa-mir-1909,1550,229,43,16638,0.18777292576419213,0.027741935483870966,query_1,['MIRNA:000000']
TF,TF:M09734,Factor: ZNF692; motif: SYNGGSCCCASCCNC,0.009858957071282166,True,Factor: ZNF692; motif: SYNGGSCCCASCCNC,12053,239,177,20092,0.7405857740585774,0.014685140628889074,query_1,['TF:M00000']
TF,TF:M08911,Factor: CTCF; motif: NCCRSTAGGGGGCGC,0.00843484254001068,True,Factor: CTCF; motif: NCCRSTAGGGGGCGC,9386,239,147,20092,0.6150627615062761,0.015661623694864693,query_1,['TF:M00000']
TF,TF:M09967,Factor: AP-2rep; motif: NGGGGCGGGGC,0.007849384731078803,True,Factor: AP-2rep; motif: NGGGGCGGGGC,4157,239,80,20092,0.33472803347280333,0.019244647582391146,query_1,['TF:M00000']
TF,TF:M07040_1,Factor: GKLF; motif: NNRRGRRNGNSNNN; match class: 1,0.0066382463258088395,True,Factor: GKLF; motif: NNRRGRRNGNSNNN; match class: 1,8435,239,136,20092,0.5690376569037657,0.016123295791345586,query_1,['TF:M07040']
TF,TF:M01858,Factor: AP-2beta; motif: GCNNNGGSCNGVGGGN,0.00902381415332777,True,Factor: AP-2beta; motif: GCNNNGGSCNGVGGGN,7661,239,126,20092,0.5271966527196653,0.016446939041900536,query_1,['TF:M00000']
TF,TF:M11529,Factor: E2F-2; motif: GCGCGCGCNCS,0.008697385844237324,True,Factor: E2F-2; motif: GCGCGCGCNCS,16718,239,223,20092,0.9330543933054394,0.013338916138294054,query_1,['TF:M00000']
TF,TF:M09895,Factor: E2F-6; motif: NGGGCGGGARRNN,0.00863221936227611,True,Factor: E2F-6; motif: NGGGCGGGARRNN,8060,239,131,20092,0.5481171548117155,0.016253101736972704,query_1,['TF:M00000']
TF,TF:M09739,Factor: ZGPAT; motif: GRGGCWGNGGNG,0.006843116960892249,True,Factor: ZGPAT; motif: GRGGCWGNGGNG,8439,239,136,20092,0.5690376569037657,0.01611565351344946,query_1,['TF:M00000']
TF,TF:M01100_1,Factor: LRF; motif: GGGGKYNNB; match class: 1,0.0071733034981559035,True,Factor: LRF; motif: GGGGKYNNB; match class: 1,2848,239,61,20092,0.25523012552301255,0.021418539325842697,query_1,['TF:M01100']
TF,TF:M11603,Factor: TCF-1; motif: ACATCGRGRCGCTGW,0.008697385844237324,True,Factor: TCF-1; motif: ACATCGRGRCGCTGW,16718,239,223,20092,0.9330543933054394,0.013338916138294054,query_1,['TF:M00000']
TF,TF:M05386,Factor: KLF17; motif: NGGGCGG,0.008466894470107822,True,Factor: KLF17; motif: NGGGCGG,8139,239,132,20092,0.5523012552301255,0.016218208625138224,query_1,['TF:M00000']
TF,TF:M08205_1,Factor: E2F-1:Elk-1; motif: SGCGCSNNAMCGGAAGT; match class: 1,0.007679625257312365,True,Factor: E2F-1:Elk-1; motif: SGCGCSNNAMCGGAAGT; match class: 1,10757,239,163,20092,0.6820083682008368,0.01515292367760528,query_1,['TF:M08205']
TF,TF:M09737,Factor: ZNF644; motif: TCCWGCCTCTSN,0.00793892838052285,True,Factor: ZNF644; motif: TCCWGCCTCTSN,7404,239,123,20092,0.5146443514644351,0.01661264181523501,query_1,['TF:M00000']
TF,TF:M07039_1,Factor: ETF; motif: CCCCGCCCCYN; match class: 1,0.007803875953268051,True,Factor: ETF; motif: CCCCGCCCCYN; match class: 1,14026,239,198,20092,0.8284518828451883,0.014116640524739769,query_1,['TF:M07039']
TF,TF:M07039,Factor: ETF; motif: CCCCGCCCCYN,0.006228330551443469,True,Factor: ETF; motif: CCCCGCCCCYN,16800,239,224,20092,0.9372384937238494,0.013333333333333334,query_1,['TF:M00000']
TF,TF:M05499,Factor: LKLF; motif: NGGGCGG,0.008466894470107822,True,Factor: LKLF; motif: NGGGCGG,8139,239,132,20092,0.5523012552301255,0.016218208625138224,query_1,['TF:M00000']
TF,TF:M00322,Factor: c-Myc:Max; motif: GCCAYGYGSN,0.0040992037024039675,True,Factor: c-Myc:Max; motif: GCCAYGYGSN,8045,239,132,20092,0.5523012552301255,0.016407706650093227,query_1,['TF:M00000']
TF,TF:M12660_1,Factor: SATB2; motif: GSCGCTGTCCNNGGTGCTGN; match class: 1,0.0051814984986550475,True,Factor: SATB2; motif: GSCGCTGTCCNNGGTGCTGN; match class: 1,1463,239,39,20092,0.16317991631799164,0.026657552973342446,query_1,['TF:M12660']
TF,TF:M07226_1,Factor: SP1; motif: NCCCCKCCCCC; match class: 1,0.003018860674046843,True,Factor: SP1; motif: NCCCCKCCCCC; match class: 1,4061,239,80,20092,0.33472803347280333,0.019699581383895593,query_1,['TF:M07226']
TF,TF:M13132_1,Factor: ZNF609; motif: GNSNGGGNGCTGN; match class: 1,0.0029413072353609016,True,Factor: ZNF609; motif: GNSNGGGNGCTGN; match class: 1,5959,239,106,20092,0.4435146443514644,0.017788219499916092,query_1,['TF:M13132']
TF,TF:M03811,Factor: AP-2gamma; motif: GCCYNCRGSN,0.0029236432305574183,True,Factor: AP-2gamma; motif: GCCYNCRGSN,9077,239,145,20092,0.606694560669456,0.01597444089456869,query_1,['TF:M00000']
TF,TF:M11795,Factor: NR1B1; motif: NRGGTCANNRGGTCAN,0.0027954480094012865,True,Factor: NR1B1; motif: NRGGTCANNRGGTCAN,8078,239,133,20092,0.5564853556485355,0.016464471403812825,query_1,['TF:M00000']
TF,TF:M10014,Factor: FXR; motif: NRGGKCANTGRCCNNNNGG,0.002631926818651053,True,Factor: FXR; motif: NRGGKCANTGRCCNNNNGG,5795,239,104,20092,0.4351464435146444,0.017946505608283002,query_1,['TF:M00000']
TF,TF:M00033,Factor: p300; motif: NNNGGGAGTNNNNS,0.0025650475577736,True,Factor: p300; motif: NNNGGGAGTNNNNS,8809,239,142,20092,0.5941422594142259,0.016119877398115563,query_1,['TF:M00000']
TF,TF:M08957,Factor: NURR1:RXR-ALPHA; motif: NRGGTCRTTGACCYN,0.0030377052746390788,True,Factor: NURR1:RXR-ALPHA; motif: NRGGTCRTTGACCYN,11347,239,171,20092,0.7154811715481172,0.01507006257160483,query_1,['TF:M00000']
TF,TF:M04106_1,Factor: RUNX2; motif: NRACCGCAAACCGCAN; match class: 1,0.002492302078518492,True,Factor: RUNX2; motif: NRACCGCAAACCGCAN; match class: 1,8639,239,140,20092,0.5857740585774058,0.016205579349461742,query_1,['TF:M04106']
TF,TF:M11530,Factor: E2F-2; motif: NWTTTGGCGCCAWWNN,0.0022899323198611048,True,Factor: E2F-2; motif: NWTTTGGCGCCAWWNN,15000,239,209,20092,0.8744769874476988,0.013933333333333334,query_1,['TF:M00000']
TF,TF:M08208,Factor: E2F-3:FOXI1; motif: NGACACCGCGCCCAC,0.0022794481454940525,True,Factor: E2F-3:FOXI1; motif: NGACACCGCGCCCAC,12890,239,188,20092,0.7866108786610879,0.014584949573312645,query_1,['TF:M00000']
TF,TF:M08867_1,Factor: AP2; motif: GCCYGSGGSN; match class: 1,0.0021868183088402608,True,Factor: AP2; motif: GCCYGSGGSN; match class: 1,5326,239,98,20092,0.4100418410041841,0.01840030041306797,query_1,['TF:M08867']
TF,TF:M10426_1,Factor: ctcf; motif: CCRSCAGGGGGCGCN; match class: 1,0.0021672521641793317,True,Factor: ctcf; motif: CCRSCAGGGGGCGCN; match class: 1,4524,239,87,20092,0.36401673640167365,0.019230769230769232,query_1,['TF:M10426']
TF,TF:M11601,Factor: TCF-1; motif: ACATCGRGRCGCTGW,0.0021477824358573333,True,Factor: TCF-1; motif: ACATCGRGRCGCTGW,15206,239,211,20092,0.8828451882845189,0.013876101538866236,query_1,['TF:M00000']
TF,TF:M09910_1,Factor: ER-beta; motif: RGGTCASCNTGMCCY; match class: 1,0.0019338964631506117,True,Factor: ER-beta; motif: RGGTCASCNTGMCCY; match class: 1,4158,239,82,20092,0.34309623430962344,0.019721019721019722,query_1,['TF:M09910']
TF,TF:M00800_1,Factor: AP-2; motif: GSCCSCRGGCNRNRNN; match class: 1,0.0024593818454189346,True,Factor: AP-2; motif: GSCCSCRGGCNRNRNN; match class: 1,4394,239,85,20092,0.35564853556485354,0.01934456076467911,query_1,['TF:M00800']
TF,TF:M08526_1,Factor: E2F-3:HES-7; motif: NNNSGCGCSNNNNNCRCGYGNN; match class: 1,0.005243047218858714,True,Factor: E2F-3:HES-7; motif: NNNSGCGCSNNNNNCRCGYGNN; match class: 1,15421,239,212,20092,0.8870292887029289,0.013747487192789053,query_1,['TF:M08526']
TF,TF:M00245,Factor: Egr-3; motif: NTGCGTGGGCGK,0.003064352118200753,True,Factor: Egr-3; motif: NTGCGTGGGCGK,7524,239,126,20092,0.5271966527196653,0.01674641148325359,query_1,['TF:M00000']
TF,TF:M13147,Factor: ZNF253; motif: SNGNSCGNGGNGCKGNN,0.0037805338678537255,True,Factor: ZNF253; motif: SNGNSCGNGGNGCKGNN,11376,239,171,20092,0.7154811715481172,0.015031645569620253,query_1,['TF:M00000']
TF,TF:M00333_1,Factor: ZF5; motif: NRNGNGCGCGCWN; match class: 1,0.005079678549236049,True,Factor: ZF5; motif: NRNGNGCGCGCWN; match class: 1,12804,239,186,20092,0.7782426778242678,0.014526710402999063,query_1,['TF:M00333']
TF,TF:M10432_1,Factor: MAZ; motif: GGGMGGGGS; match class: 1,0.004978565589898521,True,Factor: MAZ; motif: GGGMGGGGS; match class: 1,4538,239,86,20092,0.3598326359832636,0.01895107977082415,query_1,['TF:M10432']
TF,TF:M01652,Factor: p53; motif: RGRCWWGYCYNGRCWWGYYY,0.0047807437649425065,True,Factor: p53; motif: RGRCWWGYCYNGRCWWGYYY,8228,239,134,20092,0.5606694560669456,0.016285853184248907,query_1,['TF:M00000']
TF,TF:M03893,Factor: WT1; motif: GNGGGGGCGGGG,0.004776029369815713,True,Factor: WT1; motif: GNGGGGGCGGGG,8557,239,138,20092,0.5774058577405857,0.01612714736473063,query_1,['TF:M00000']
TF,TF:M08878,Factor: EGR; motif: CGCCCCCGCNN,0.004725577973861943,True,Factor: EGR; motif: CGCCCCCGCNN,7739,239,128,20092,0.5355648535564853,0.01653960460007753,query_1,['TF:M00000']
TF,TF:M01273,Factor: SP4; motif: SCCCCGCCCCS,0.004676759108112068,True,Factor: SP4; motif: SCCCCGCCCCS,3412,239,70,20092,0.2928870292887029,0.020515826494724502,query_1,['TF:M00000']
TF,TF:M02281,Factor: SP1; motif: CCCCKCCCCC,0.0036938089521616553,True,Factor: SP1; motif: CCCCKCCCCC,6678,239,115,20092,0.4811715481171548,0.017220724767894578,query_1,['TF:M00000']
TF,TF:M08526,Factor: E2F-3:HES-7; motif: NNNSGCGCSNNNNNCRCGYGNN,0.004572008607118763,True,Factor: E2F-3:HES-7; motif: NNNSGCGCSNNNNNCRCGYGNN,17263,239,228,20092,0.9539748953974896,0.013207437872907374,query_1,['TF:M00000']
TF,TF:M10530,Factor: sp4; motif: NNNGCYCCGCCCCCY,0.004373669063130645,True,Factor: sp4; motif: NNNGCYCCGCCCCCY,8463,239,137,20092,0.5732217573221757,0.01618811296230651,query_1,['TF:M00000']
TF,TF:M13379,Factor: FEZF2; motif: CCCAGCCT,0.004306042294115556,True,Factor: FEZF2; motif: CCCAGCCT,5927,239,105,20092,0.4393305439330544,0.01771553905854564,query_1,['TF:M00000']
TF,TF:M08441,Factor: AP-2gamma:Elk-1; motif: NGCCKNRGGSGRCGGAAGTG,0.004140792839075966,True,Factor: AP-2gamma:Elk-1; motif: NGCCKNRGGSGRCGGAAGTG,16755,239,224,20092,0.9372384937238494,0.013369143539242017,query_1,['TF:M00000']
TF,TF:M07602,Factor: CP2; motif: NNNNCCAGNCNN,0.009941483687741184,True,Factor: CP2; motif: NNNNCCAGNCNN,11327,239,169,20092,0.7071129707112971,0.01492010241017039,query_1,['TF:M00000']
TF,TF:M04934_1,Factor: TR4; motif: ACCCCGS; match class: 1,0.004092410076732979,True,Factor: TR4; motif: ACCCCGS; match class: 1,15829,239,216,20092,0.9037656903765691,0.01364583991408175,query_1,['TF:M04934']
TF,TF:M04106,Factor: RUNX2; motif: NRACCGCAAACCGCAN,0.00403633071454936,True,Factor: RUNX2; motif: NRACCGCAAACCGCAN,14141,239,200,20092,0.8368200836820083,0.014143271338660631,query_1,['TF:M00000']
TF,TF:M07348,Factor: AP-2alpha; motif: NSCCNCRGGSN,0.004459769163950608,True,Factor: AP-2alpha; motif: NSCCNCRGGSN,8301,239,135,20092,0.5648535564853556,0.016263100831225154,query_1,['TF:M00000']
TF,TF:M12694,Factor: ZFP14; motif: SCNNYCCNGNNSCTSCNC,0.010035240645094366,True,Factor: ZFP14; motif: SCNNYCCNGNNSCTSCNC,10971,239,165,20092,0.6903765690376569,0.015039649986327591,query_1,['TF:M00000']
TF,TF:M00695_1,Factor: ETF; motif: GVGGMGG; match class: 1,0.01518331449010255,True,Factor: ETF; motif: GVGGMGG; match class: 1,7249,239,120,20092,0.502092050209205,0.01655400744930335,query_1,['TF:M00695']
TF,TF:M12636,Factor: MLLT10; motif: CYNNCCNNGGNGCTG,0.010191807604983732,True,Factor: MLLT10; motif: CYNNCCNNGGNGCTG,9667,239,150,20092,0.6276150627615062,0.015516706320471708,query_1,['TF:M00000']
TF,TF:M02166_1,Factor: IRF2; motif: SGAAAGYGAAASCNWWNC; match class: 1,0.02802200007872783,True,Factor: IRF2; motif: SGAAAGYGAAASCNWWNC; match class: 1,12,239,4,20092,0.016736401673640166,0.3333333333333333,query_1,['TF:M02166']
TF,TF:M10040_1,Factor: Blimp-1; motif: RAAAGNGAAAGTNN; match class: 1,0.02802200007872783,True,Factor: Blimp-1; motif: RAAAGNGAAAGTNN; match class: 1,12,239,4,20092,0.016736401673640166,0.3333333333333333,query_1,['TF:M10040']
TF,TF:M11795_1,Factor: NR1B1; motif: NRGGTCANNRGGTCAN; match class: 1,0.02753489062917326,True,Factor: NR1B1; motif: NRGGTCANNRGGTCAN; match class: 1,2312,239,51,20092,0.21338912133891214,0.022058823529411766,query_1,['TF:M11795']
TF,TF:M07084_1,Factor: E2F-4; motif: NGGCGGGAARN; match class: 1,0.02689611643774667,True,Factor: E2F-4; motif: NGGCGGGAARN; match class: 1,5616,239,98,20092,0.4100418410041841,0.01745014245014245,query_1,['TF:M07084']
TF,TF:M01072,Factor: HIC1; motif: NSNNNNTGCCCSSNN,0.025808685608673537,True,Factor: HIC1; motif: NSNNNNTGCCCSSNN,4284,239,80,20092,0.33472803347280333,0.018674136321195144,query_1,['TF:M00000']
TF,TF:M12721,Factor: ZNFPT1; motif: YCNNCNCWGCCNY,0.025784607246366824,True,Factor: ZNFPT1; motif: YCNNCNCWGCCNY,9372,239,145,20092,0.606694560669456,0.015471617584293641,query_1,['TF:M00000']
TF,TF:M03839_1,Factor: Pax-2; motif: CAYSCCTSAGT; match class: 1,0.029089356676229056,True,Factor: Pax-2; motif: CAYSCCTSAGT; match class: 1,844,239,26,20092,0.1087866108786611,0.030805687203791468,query_1,['TF:M03839']
TF,TF:M00470_1,Factor: AP-2gamma; motif: GCCYNNGGS; match class: 1,0.025112082869988284,True,Factor: AP-2gamma; motif: GCCYNNGGS; match class: 1,5759,239,100,20092,0.41841004184100417,0.017364125716270187,query_1,['TF:M00470']
TF,TF:M10491_1,Factor: ZNF586; motif: CAGGCCYRGAGG; match class: 1,0.023777042708146432,True,Factor: ZNF586; motif: CAGGCCYRGAGG; match class: 1,7871,239,127,20092,0.5313807531380753,0.016135179773853387,query_1,['TF:M10491']
TF,TF:M00450_1,Factor: Zic3; motif: NGGGKGGTC; match class: 1,0.023618964814597878,True,Factor: Zic3; motif: NGGGKGGTC; match class: 1,8114,239,130,20092,0.5439330543933054,0.016021690904609316,query_1,['TF:M00450']
TF,TF:M09967_1,Factor: AP-2rep; motif: NGGGGCGGGGC; match class: 1,0.023052503150945862,True,Factor: AP-2rep; motif: NGGGGCGGGGC; match class: 1,1440,239,37,20092,0.15481171548117154,0.025694444444444443,query_1,['TF:M09967']
TF,TF:M07289_1,Factor: GKLF; motif: NNNRGGNGNGGSN; match class: 1,0.022878167547085843,True,Factor: GKLF; motif: NNNRGGNGNGGSN; match class: 1,10910,239,163,20092,0.6820083682008368,0.014940421631530705,query_1,['TF:M07289']
TF,TF:M00803,Factor: E2F; motif: GGCGSG,0.02270000985931881,True,Factor: E2F; motif: GGCGSG,13582,239,192,20092,0.803347280334728,0.014136356943012811,query_1,['TF:M00000']
TF,TF:M03893_1,Factor: WT1; motif: GNGGGGGCGGGG; match class: 1,0.022508035699073878,True,Factor: WT1; motif: GNGGGGGCGGGG; match class: 1,4126,239,78,20092,0.3263598326359833,0.018904507998061076,query_1,['TF:M03893']
TF,TF:M04515_1,Factor: E2F-1; motif: WWTGGCGCCAAA; match class: 1,0.024410875212177146,True,Factor: E2F-1; motif: WWTGGCGCCAAA; match class: 1,12550,239,181,20092,0.7573221757322176,0.014422310756972112,query_1,['TF:M04515']
TF,TF:M07249,Factor: ctcf; motif: CCNCNAGRKGGCRSTN,0.02249689360787053,True,Factor: ctcf; motif: CCNCNAGRKGGCRSTN,6905,239,115,20092,0.4811715481171548,0.0166545981173063,query_1,['TF:M00000']
TF,TF:M13137,Factor: AP2BETA; motif: SCCYCAGGSNN,0.030610705782636135,True,Factor: AP2BETA; motif: SCCYCAGGSNN,10688,239,160,20092,0.6694560669456067,0.014970059880239521,query_1,['TF:M00000']
TF,TF:M00446_1,Factor: Spz1; motif: DNNGGRGGGWWNNNN; match class: 1,0.03135992698269614,True,Factor: Spz1; motif: DNNGGRGGGWWNNNN; match class: 1,2981,239,61,20092,0.25523012552301255,0.020462931902046292,query_1,['TF:M00446']
TF,TF:M12704,Factor: ZNF432; motif: NCAGNRCCNSRGRCAGC,0.047916663037039044,True,Factor: ZNF432; motif: NCAGNRCCNSRGRCAGC,10318,239,155,20092,0.6485355648535565,0.015022291141694127,query_1,['TF:M00000']
TF,TF:M01837,Factor: FKLF; motif: BGGGNGGVMD,0.04765704579655892,True,Factor: FKLF; motif: BGGGNGGVMD,5612,239,97,20092,0.40585774058577406,0.01728439059158945,query_1,['TF:M00000']
TF,TF:M11417,Factor: c-Ets-2; motif: NACCGGAAGYRCTTCCGGTN,0.046924979028173955,True,Factor: c-Ets-2; motif: NACCGGAAGYRCTTCCGGTN,14667,239,202,20092,0.8451882845188284,0.013772414263312197,query_1,['TF:M00000']
TF,TF:M04516,Factor: E2F-1; motif: TTTGGCGCCAAA,0.04687094412220976,True,Factor: E2F-1; motif: TTTGGCGCCAAA,11729,239,171,20092,0.7154811715481172,0.014579248017733823,query_1,['TF:M00000']
TF,TF:M12158_1,Factor: KLF15; motif: NCCMCGCCCMCN; match class: 1,0.04604238740079555,True,Factor: KLF15; motif: NCCMCGCCCMCN; match class: 1,5532,239,96,20092,0.401673640167364,0.01735357917570499,query_1,['TF:M12158']
TF,TF:M07084,Factor: E2F-4; motif: NGGCGGGAARN,0.04596812923838599,True,Factor: E2F-4; motif: NGGCGGGAARN,11189,239,165,20092,0.6903765690376569,0.014746626150683707,query_1,['TF:M00000']
TF,TF:M11830,Factor: LRH-1; motif: TGACCTTGRNYCAAGGTCA,0.030994004148394927,True,Factor: LRH-1; motif: TGACCTTGRNYCAAGGTCA,7185,239,118,20092,0.49372384937238495,0.016423103688239387,query_1,['TF:M00000']
TF,TF:M10002,Factor: NF-1C; motif: NYTGGCNNYNNGCCARN,0.04561938354374389,True,Factor: NF-1C; motif: NYTGGCNNYNNGCCARN,6842,239,113,20092,0.47280334728033474,0.016515638702133878,query_1,['TF:M00000']
TF,TF:M07397,Factor: ZBP89; motif: CCCCKCCCCCNN,0.03965367387743449,True,Factor: ZBP89; motif: CCCCKCCCCCNN,7378,239,120,20092,0.502092050209205,0.01626457034426674,query_1,['TF:M00000']
TF,TF:M11480,Factor: AP-2alpha; motif: NGCCTSAGGCN,0.03714856944926429,True,Factor: AP-2alpha; motif: NGCCTSAGGCN,6346,239,107,20092,0.4476987447698745,0.016861014812480302,query_1,['TF:M00000']
TF,TF:M12728,Factor: THAP7; motif: GNCGCCATSTTGRGNGKGGC,0.03595221270783913,True,Factor: THAP7; motif: GNCGCCATSTTGRGNGKGGC,5728,239,99,20092,0.41422594142259417,0.017283519553072627,query_1,['TF:M00000']
TF,TF:M12719,Factor: ZNF764; motif: NNASYGCCNCCTNCTGGN,0.034418760738673976,True,Factor: ZNF764; motif: NNASYGCCNCCTNCTGGN,2460,239,53,20092,0.2217573221757322,0.021544715447154472,query_1,['TF:M00000']
TF,TF:M09610,Factor: ER-beta; motif: NRGGTCANKSTGACCTNN,0.033581369775073595,True,Factor: ER-beta; motif: NRGGTCANKSTGACCTNN,5948,239,102,20092,0.42677824267782427,0.01714862138533961,query_1,['TF:M00000']
TF,TF:M08487_1,Factor: GCMa:Erg; motif: ATGCGGGCGGAARKG; match class: 1,0.032853870457842285,True,Factor: GCMa:Erg; motif: ATGCGGGCGGAARKG; match class: 1,9070,239,141,20092,0.5899581589958159,0.015545755237045204,query_1,['TF:M08487']
TF,TF:M10115,Factor: LRF; motif: NRGGGKCKY,0.03996774224886201,True,Factor: LRF; motif: NRGGGKCKY,7781,239,125,20092,0.5230125523012552,0.016064773165402904,query_1,['TF:M00000']
TF,TF:M00665,Factor: Sp3; motif: ASMCTTGGGSRGGG,0.022246036962042057,True,Factor: Sp3; motif: ASMCTTGGGSRGGG,7943,239,128,20092,0.5355648535564853,0.016114818078811533,query_1,['TF:M00000']
TF,TF:M12598,Factor: E2F3; motif: NNRGMKGGAR,0.021895952789055574,True,Factor: E2F3; motif: NNRGMKGGAR,12815,239,184,20092,0.7698744769874477,0.014358174014826376,query_1,['TF:M00000']
TF,TF:M00244,Factor: NGFI-C; motif: WTGCGTGGGYGG,0.02189339795847041,True,Factor: NGFI-C; motif: WTGCGTGGGYGG,6355,239,108,20092,0.45188284518828453,0.016994492525570417,query_1,['TF:M00000']
TF,TF:M04953_1,Factor: Sp1; motif: GGNDGGRGGCGGGG; match class: 1,0.014720733570391286,True,Factor: Sp1; motif: GGNDGGRGGCGGGG; match class: 1,4223,239,80,20092,0.33472803347280333,0.01894387875917594,query_1,['TF:M04953']
TF,TF:M07597,Factor: Egr-1; motif: GCGTGGGCGT,0.014292811105853188,True,Factor: Egr-1; motif: GCGTGGGCGT,5994,239,104,20092,0.4351464435146444,0.017350684017350685,query_1,['TF:M00000']
TF,TF:M01593,Factor: Zfx; motif: SNSCAGGCCKCGSCSS,0.01373112928580396,True,Factor: Zfx; motif: SNSCAGGCCKCGSCSS,4287,239,81,20092,0.3389121338912134,0.018894331700489854,query_1,['TF:M00000']
TF,TF:M09762,Factor: NF1B; motif: CYTGGCNYNCWGCCAN,0.013630060788474499,True,Factor: NF1B; motif: CYTGGCNYNCWGCCAN,5760,239,101,20092,0.4225941422594142,0.017534722222222222,query_1,['TF:M00000']
TF,TF:M00982_1,Factor: KROX; motif: CCCGCCCCCRCCCC; match class: 1,0.013372091864149038,True,Factor: KROX; motif: CCCGCCCCCRCCCC; match class: 1,3650,239,72,20092,0.301255230125523,0.019726027397260273,query_1,['TF:M00982']
TF,TF:M10056,Factor: DRRS; motif: GNNGGGWGGG,0.012821230785006505,True,Factor: DRRS; motif: GNNGGGWGGG,4932,239,90,20092,0.37656903765690375,0.01824817518248175,query_1,['TF:M00000']
TF,TF:M01858_1,Factor: AP-2beta; motif: GCNNNGGSCNGVGGGN; match class: 1,0.0151270292573447,True,Factor: AP-2beta; motif: GCNNNGGSCNGVGGGN; match class: 1,3250,239,66,20092,0.27615062761506276,0.020307692307692308,query_1,['TF:M01858']
TF,TF:M08307_1,Factor: GCMa:Elf-1; motif: NRCCCGCACGGAAGTN; match class: 1,0.012097700705652338,True,Factor: GCMa:Elf-1; motif: NRCCCGCACGGAAGTN; match class: 1,3094,239,64,20092,0.26778242677824265,0.02068519715578539,query_1,['TF:M08307']
TF,TF:M13148,Factor: ZSCAN21; motif: NSNGNSCNNGGTGCTG,0.011326649620790769,True,Factor: ZSCAN21; motif: NSNGNSCNNGGTGCTG,7530,239,124,20092,0.5188284518828452,0.016467463479415672,query_1,['TF:M00000']
TF,TF:M12599,Factor: E2F4; motif: YCCCGCCNCNNSSNNSNN,0.011120209316474202,True,Factor: E2F4; motif: YCCCGCCNCNNSSNNSNN,17616,239,230,20092,0.9623430962343096,0.013056312443233424,query_1,['TF:M00000']
TF,TF:M11417_1,Factor: c-Ets-2; motif: NACCGGAAGYRCTTCCGGTN; match class: 1,0.010894084342278924,True,Factor: c-Ets-2; motif: NACCGGAAGYRCTTCCGGTN; match class: 1,14370,239,201,20092,0.8410041841004184,0.013987473903966596,query_1,['TF:M11417']
TF,TF:M00915_1,Factor: AP-2; motif: SNNNCCNCAGGCN; match class: 1,0.010548709648166617,True,Factor: AP-2; motif: SNNNCCNCAGGCN; match class: 1,4691,239,87,20092,0.36401673640167365,0.01854615220635259,query_1,['TF:M00915']
TF,TF:M11490_1,Factor: LBP-1; motif: NRCCGGTNNNNACCGGYN; match class: 1,0.010502051315045866,True,Factor: LBP-1; motif: NRCCGGTNNNNACCGGYN; match class: 1,6186,239,107,20092,0.4476987447698745,0.0172971225347559,query_1,['TF:M11490']
TF,TF:M07380_1,Factor: E2F-4; motif: NTTTCSCGCC; match class: 1,0.010397244343335273,True,Factor: E2F-4; motif: NTTTCSCGCC; match class: 1,8248,239,133,20092,0.5564853556485355,0.016125121241513093,query_1,['TF:M07380']
TF,TF:M04516_1,Factor: E2F-1; motif: TTTGGCGCCAAA; match class: 1,0.011685405734023165,True,Factor: E2F-1; motif: TTTGGCGCCAAA; match class: 1,10551,239,160,20092,0.6694560669456067,0.015164439389631315,query_1,['TF:M04516']
TF,TF:M07041_1,Factor: HDAC1; motif: KGCARGGTC; match class: 1,0.0019241129765202175,True,Factor: HDAC1; motif: KGCARGGTC; match class: 1,6446,239,113,20092,0.47280334728033474,0.017530251318647223,query_1,['TF:M07041']
TF,TF:M07129_1,Factor: Sp2; motif: GYCCCGCCYCYNNNN; match class: 1,0.015539401479961116,True,Factor: Sp2; motif: GYCCCGCCYCYNNNN; match class: 1,2522,239,55,20092,0.2301255230125523,0.021808088818398096,query_1,['TF:M07129']
TF,TF:M12590_1,Factor: CP2; motif: NRRRCCGGCYNRARCCGGNN; match class: 1,0.01596801217744407,True,Factor: CP2; motif: NRRRCCGGCYNRARCCGGNN; match class: 1,6939,239,116,20092,0.48535564853556484,0.016717106211269636,query_1,['TF:M12590']
TF,TF:M03978,Factor: ETS1; motif: GCCGGAWGTACTTCCGGN,0.021730201718508202,True,Factor: ETS1; motif: GCCGGAWGTACTTCCGGN,12348,239,179,20092,0.7489539748953975,0.014496274700356334,query_1,['TF:M00000']
TF,TF:M09896_1,Factor: E2F-7; motif: GRGGCGGGAANNN; match class: 1,0.021336499359279712,True,Factor: E2F-7; motif: GRGGCGGGAANNN; match class: 1,4697,239,86,20092,0.3598326359832636,0.018309559293165852,query_1,['TF:M09896']
TF,TF:M01733_1,Factor: MZF-1; motif: TGGGGAR; match class: 1,0.020188736165219715,True,Factor: MZF-1; motif: TGGGGAR; match class: 1,5058,239,91,20092,0.3807531380753138,0.017991300909450374,query_1,['TF:M01733']
TF,TF:M12597_1,Factor: E2F1; motif: GSGCGGGAAN; match class: 1,0.020122143379345165,True,Factor: E2F1; motif: GSGCGGGAAN; match class: 1,10192,239,155,20092,0.6485355648535565,0.015208006279434852,query_1,['TF:M12597']
TF,TF:M05327,Factor: WT1; motif: NGCGGGGGGGTSMMCYN,0.01953319341276541,True,Factor: WT1; motif: NGCGGGGGGGTSMMCYN,5728,239,100,20092,0.41841004184100417,0.017458100558659217,query_1,['TF:M00000']
TF,TF:M11477_1,Factor: AP-2beta; motif: NSCCYNRGGSN; match class: 1,0.019479443122614133,True,Factor: AP-2beta; motif: NSCCYNRGGSN; match class: 1,7123,239,118,20092,0.49372384937238495,0.01656605362908887,query_1,['TF:M11477']
TF,TF:M01175,Factor: CKROX; motif: SCCCTCCCC,0.019251725988674553,True,Factor: CKROX; motif: SCCCTCCCC,7520,239,123,20092,0.5146443514644351,0.016356382978723404,query_1,['TF:M00000']
TF,TF:M07354,Factor: Egr-1; motif: GCGGGGGCGG,0.019170615528126246,True,Factor: Egr-1; motif: GCGGGGGCGG,8167,239,131,20092,0.5481171548117155,0.01604016162605608,query_1,['TF:M00000']
TF,TF:M12156,Factor: Sp2; motif: NTAAGYCCCGCCCMCTN,0.01914288615741315,True,Factor: Sp2; motif: NTAAGYCCCGCCCMCTN,4467,239,83,20092,0.3472803347280335,0.018580702932616967,query_1,['TF:M00000']
TF,TF:M07129,Factor: Sp2; motif: GYCCCGCCYCYNNNN,0.017710326703677125,True,Factor: Sp2; motif: GYCCCGCCYCYNNNN,6483,239,110,20092,0.4602510460251046,0.016967453339503315,query_1,['TF:M00000']
TF,TF:M04109,Factor: RUNX3; motif: NRACCGCAAACCGCAN,0.017558379038406097,True,Factor: RUNX3; motif: NRACCGCAAACCGCAN,10000,239,153,20092,0.6401673640167364,0.0153,query_1,['TF:M00000']
TF,TF:M04797,Factor: Egr-1; motif: CCGCCCMCG,0.01751109219871219,True,Factor: Egr-1; motif: CCGCCCMCG,5264,239,94,20092,0.39330543933054396,0.017857142857142856,query_1,['TF:M00000']
TF,TF:M08487,Factor: GCMa:Erg; motif: ATGCGGGCGGAARKG,0.01642483734887376,True,Factor: GCMa:Erg; motif: ATGCGGGCGGAARKG,14324,239,200,20092,0.8368200836820083,0.013962580284836637,query_1,['TF:M00000']
TF,TF:M09862_1,Factor: ZNF614; motif: NCYCWGCCYYNNN; match class: 1,0.016378788551968268,True,Factor: ZNF614; motif: NCYCWGCCYYNNN; match class: 1,4306,239,81,20092,0.3389121338912134,0.018810961449140733,query_1,['TF:M09862']
TF,TF:M09738_1,Factor: ZNF511; motif: GGRRGRGGCWGNG; match class: 1,0.01617542212781352,True,Factor: ZNF511; motif: GGRRGRGGCWGNG; match class: 1,4885,239,89,20092,0.3723849372384937,0.018219037871033777,query_1,['TF:M09738']
TF,TF:M08835,Factor: ZNF515; motif: WNSCCCCCWGCNG,0.01017635802232442,True,Factor: ZNF515; motif: WNSCCCCCWGCNG,3623,239,72,20092,0.301255230125523,0.019873033397736682,query_1,['TF:M00000']
TF,TF:M10491,Factor: ZNF586; motif: CAGGCCYRGAGG,0.0018620813070125857,True,Factor: ZNF586; motif: CAGGCCYRGAGG,14145,239,201,20092,0.8410041841004184,0.014209968186638389,query_1,['TF:M00000']
TF,TF:M04109_1,Factor: RUNX3; motif: NRACCGCAAACCGCAN; match class: 1,0.0018373987441896286,True,Factor: RUNX3; motif: NRACCGCAAACCGCAN; match class: 1,4013,239,80,20092,0.33472803347280333,0.0199352105656616,query_1,['TF:M04109']
TF,TF:M00800,Factor: AP-2; motif: GSCCSCRGGCNRNRNN,0.049206147049988144,True,Factor: AP-2; motif: GSCCSCRGGCNRNRNN,9381,239,144,20092,0.602510460251046,0.015350175887432043,query_1,['TF:M00000']
TF,TF:M09973_1,Factor: CPBP; motif: GNNRGGGHGGGGNNGGGRN; match class: 1,3.3075940900489406e-06,True,Factor: CPBP; motif: GNNRGGGHGGGGNNGGGRN; match class: 1,6860,239,127,20092,0.5313807531380753,0.018513119533527696,query_1,['TF:M09973']
TF,TF:M07063,Factor: Sp1; motif: GGGGCGGGGC,3.258141400121594e-06,True,Factor: Sp1; motif: GGGGCGGGGC,6473,239,122,20092,0.5104602510460251,0.018847520469643133,query_1,['TF:M00000']
TF,TF:M13127,Factor: HA95; motif: CCSNSSCCNSCNCCWSCCNS,2.9456031824351468e-06,True,Factor: HA95; motif: CCSNSSCCNSCNCCWSCCNS,12603,239,193,20092,0.8075313807531381,0.015313814171229073,query_1,['TF:M00000']
TF,TF:M01857_1,Factor: AP-2alpha; motif: NGCCYSNNGSN; match class: 1,2.358703125220696e-06,True,Factor: AP-2alpha; motif: NGCCYSNNGSN; match class: 1,4754,239,99,20092,0.41422594142259417,0.020824568784181742,query_1,['TF:M01857']
TF,TF:M13129_1,Factor: RERE; motif: CNGCNSCNNGSRCRGSGSS; match class: 1,2.3566142799771828e-06,True,Factor: RERE; motif: CNGCNSCNNGSRCRGSGSS; match class: 1,5989,239,116,20092,0.48535564853556484,0.019368842878610786,query_1,['TF:M13129']
TF,TF:M11601_1,Factor: TCF-1; motif: ACATCGRGRCGCTGW; match class: 1,2.1975251768622414e-06,True,Factor: TCF-1; motif: ACATCGRGRCGCTGW; match class: 1,11416,239,181,20092,0.7573221757322176,0.015854940434477927,query_1,['TF:M11601']
TF,TF:M12354,Factor: ZNF37A; motif: CCYYGGCTCCNTSCCMN,1.9397583991790556e-06,True,Factor: ZNF37A; motif: CCYYGGCTCCNTSCCMN,11216,239,179,20092,0.7489539748953975,0.015959343794579174,query_1,['TF:M00000']
TF,TF:M07206,Factor: E2F-1; motif: NGGGCGGGARV,1.7434766870923966e-06,True,Factor: E2F-1; motif: NGGGCGGGARV,14996,239,216,20092,0.9037656903765691,0.01440384102427314,query_1,['TF:M00000']
TF,TF:M11603_1,Factor: TCF-1; motif: ACATCGRGRCGCTGW; match class: 1,1.6408628840755656e-06,True,Factor: TCF-1; motif: ACATCGRGRCGCTGW; match class: 1,13560,239,203,20092,0.8493723849372385,0.014970501474926253,query_1,['TF:M11603']
TF,TF:M00008,Factor: Sp1; motif: GGGGCGGGGT,1.6203796671876417e-06,True,Factor: Sp1; motif: GGGGCGGGGT,10375,239,170,20092,0.7112970711297071,0.0163855421686747,query_1,['TF:M00000']
TF,TF:M08525_1,Factor: E2F-1:HES-7; motif: GGCRCGTGSYNNWNGGCGCSM; match class: 1,1.4362725942877458e-06,True,Factor: E2F-1:HES-7; motif: GGCRCGTGSYNNWNGGCGCSM; match class: 1,15697,239,222,20092,0.9288702928870293,0.014142829840096833,query_1,['TF:M08525']
TF,TF:M12173_1,Factor: GKLF; motif: NNCCMCRCCCN; match class: 1,1.3678532868529554e-06,True,Factor: GKLF; motif: NNCCMCRCCCN; match class: 1,5135,239,105,20092,0.4393305439330544,0.02044790652385589,query_1,['TF:M12173']
TF,TF:M03807_1,Factor: SP2; motif: GNNGGGGGCGGGGSN; match class: 1,1.2527376404428263e-06,True,Factor: SP2; motif: GNNGGGGGCGGGGSN; match class: 1,4355,239,94,20092,0.39330543933054396,0.02158438576349024,query_1,['TF:M03807']
TF,TF:M06948_1,Factor: Sp2; motif: TGGGCGCGCCCA; match class: 1,1.2395190677204957e-06,True,Factor: Sp2; motif: TGGGCGCGCCCA; match class: 1,6383,239,122,20092,0.5104602510460251,0.019113269622434592,query_1,['TF:M06948']
TF,TF:M12590,Factor: CP2; motif: NRRRCCGGCYNRARCCGGNN,1.0886574020984774e-06,True,Factor: CP2; motif: NRRRCCGGCYNRARCCGGNN,11342,239,181,20092,0.7573221757322176,0.01595838476459178,query_1,['TF:M00000']
TF,TF:M09723_1,Factor: BTEB1; motif: GGGGGCGGGGCNGSGGGNGS; match class: 1,9.266683952801601e-07,True,Factor: BTEB1; motif: GGGGGCGGGGCNGSGGGNGS; match class: 1,6205,239,120,20092,0.502092050209205,0.019339242546333603,query_1,['TF:M09723']
TF,TF:M09969,Factor: EKLF; motif: NGGGYGKGGCNNGG,9.048459426846633e-07,True,Factor: EKLF; motif: NGGGYGKGGCNNGG,4746,239,100,20092,0.41841004184100417,0.02107037505267594,query_1,['TF:M00000']
TF,TF:M00196,Factor: Sp1; motif: NGGGGGCGGGGYN,8.878070774278632e-07,True,Factor: Sp1; motif: NGGGGGCGGGGYN,10583,239,173,20092,0.7238493723849372,0.016346971558159312,query_1,['TF:M00000']
TF,TF:M00470,Factor: AP-2gamma; motif: GCCYNNGGS,8.145199069147342e-07,True,Factor: AP-2gamma; motif: GCCYNNGGS,9684,239,163,20092,0.6820083682008368,0.016831887649731515,query_1,['TF:M00000']
TF,TF:M01721_1,Factor: PUR1; motif: GGGNCAGNN; match class: 1,3.339177810504238e-06,True,Factor: PUR1; motif: GGGNCAGNN; match class: 1,3490,239,80,20092,0.33472803347280333,0.022922636103151862,query_1,['TF:M01721']
TF,TF:M11882,Factor: pax-6; motif: NYACGCNYSANYGMNCN,6.780126412301473e-07,True,Factor: pax-6; motif: NYACGCNYSANYGMNCN,15879,239,224,20092,0.9372384937238494,0.014106681780968576,query_1,['TF:M00000']
TF,TF:M11531_1,Factor: E2F-2; motif: GCGCGCGCGYW; match class: 1,3.4457506438389212e-06,True,Factor: E2F-2; motif: GCGCGCGCGYW; match class: 1,12719,239,194,20092,0.8117154811715481,0.015252771444295935,query_1,['TF:M11531']
TF,TF:M08208_1,Factor: E2F-3:FOXI1; motif: NGACACCGCGCCCAC; match class: 1,3.6214291849089237e-06,True,Factor: E2F-3:FOXI1; motif: NGACACCGCGCCCAC; match class: 1,7340,239,133,20092,0.5564853556485355,0.018119891008174387,query_1,['TF:M08208']
TF,TF:M01973,Factor: PLAG1; motif: CCCCCKWNNNGGSCCC,2.0040159802070917e-05,True,Factor: PLAG1; motif: CCCCCKWNNNGGSCCC,6343,239,118,20092,0.49372384937238495,0.018603184612959168,query_1,['TF:M00000']
TF,TF:M12726_1,Factor: PURBETA; motif: NCWGRGGCTGGGG; match class: 1,1.954858865796368e-05,True,Factor: PURBETA; motif: NCWGRGGCTGGGG; match class: 1,2535,239,63,20092,0.26359832635983266,0.02485207100591716,query_1,['TF:M12726']
TF,TF:M03922_1,Factor: SP4; motif: NWRGCCACGCCCMCTYN; match class: 1,1.570367411772307e-05,True,Factor: SP4; motif: NWRGCCACGCCCMCTYN; match class: 1,2220,239,58,20092,0.24267782426778242,0.026126126126126126,query_1,['TF:M03922']
TF,TF:M12152,Factor: Sp1; motif: NWRGCCACGCCCMCN,1.4621393899319923e-05,True,Factor: Sp1; motif: NWRGCCACGCCCMCN,7561,239,134,20092,0.5606694560669456,0.017722523475730723,query_1,['TF:M00000']
TF,TF:M03920_1,Factor: SP1; motif: RCCMCRCCCMC; match class: 1,1.255476535870703e-05,True,Factor: SP1; motif: RCCMCRCCCMC; match class: 1,3132,239,73,20092,0.3054393305439331,0.02330779054916986,query_1,['TF:M03920']
TF,TF:M10072,Factor: sp4; motif: NNGNARGRGGCGGRGCNNRR,1.1602929349812032e-05,True,Factor: sp4; motif: NNGNARGRGGCGGRGCNNRR,10858,239,173,20092,0.7238493723849372,0.015932952661631975,query_1,['TF:M00000']
TF,TF:M13144,Factor: ZNF138; motif: GCAGCRSCNSGSNCMGSGCS,1.1584313295851494e-05,True,Factor: ZNF138; motif: GCAGCRSCNSGSNCMGSGCS,9703,239,160,20092,0.6694560669456067,0.016489745439554778,query_1,['TF:M00000']
TF,TF:M10438_1,Factor: ZF5; motif: GGSGCGCGS; match class: 1,1.141051860632018e-05,True,Factor: ZF5; motif: GGSGCGCGS; match class: 1,15301,239,217,20092,0.9079497907949791,0.014182079602640351,query_1,['TF:M10438']
TF,TF:M09658,Factor: Sp2; motif: GGSNNGGGGGCGGGGCCNGNGS,1.0608280227162923e-05,True,Factor: Sp2; motif: GGSNNGGGGGCGGGGCCNGNGS,5460,239,107,20092,0.4476987447698745,0.019597069597069597,query_1,['TF:M00000']
TF,TF:M10071_1,Factor: Sp1; motif: NGGGGGCGGGGCCNGGGGGGGG; match class: 1,8.443736254946955e-06,True,Factor: Sp1; motif: NGGGGGCGGGGCCNGGGGGGGG; match class: 1,4791,239,98,20092,0.4100418410041841,0.020455019828845754,query_1,['TF:M10071']
TF,TF:M13146,Factor: ZNF232; motif: NCAGCASCNNGGNCAGCGCC,7.824182844088564e-06,True,Factor: ZNF232; motif: NCAGCASCNNGGNCAGCGCC,6557,239,122,20092,0.5104602510460251,0.01860606984901632,query_1,['TF:M00000']
TF,TF:M07395,Factor: Sp1; motif: NGGGGCGGGGN,7.536546014750138e-06,True,Factor: Sp1; motif: NGGGGCGGGGN,10993,239,175,20092,0.7322175732217573,0.015919221322659875,query_1,['TF:M00000']
TF,TF:M01857,Factor: AP-2alpha; motif: NGCCYSNNGSN,5.626006602401991e-06,True,Factor: AP-2alpha; motif: NGCCYSNNGSN,9452,239,158,20092,0.6610878661087866,0.016716038933559035,query_1,['TF:M00000']
TF,TF:M13149_1,Factor: ZNF219; motif: SNNCAGCACCNNGGNCAGCGSC; match class: 1,5.189763377888967e-06,True,Factor: ZNF219; motif: SNNCAGCACCNNGGNCAGCGSC; match class: 1,6826,239,126,20092,0.5271966527196653,0.018458833870495166,query_1,['TF:M13149']
TF,TF:M13147_1,Factor: ZNF253; motif: SNGNSCGNGGNGCKGNN; match class: 1,4.731617070052167e-06,True,Factor: ZNF253; motif: SNGNSCGNGGNGCKGNN; match class: 1,6817,239,126,20092,0.5271966527196653,0.01848320375531759,query_1,['TF:M13147']
TF,TF:M12151,Factor: Sp1; motif: NWRGCCMCGCCCMCN,4.588690938042454e-06,True,Factor: Sp1; motif: NWRGCCMCGCCCMCN,7048,239,129,20092,0.5397489539748954,0.018303064699205448,query_1,['TF:M00000']
TF,TF:M09765_1,Factor: SP1; motif: NRGKGGGCGGGGCN; match class: 1,4.541181364795147e-06,True,Factor: SP1; motif: NRGKGGGCGGGGCN; match class: 1,3447,239,79,20092,0.3305439330543933,0.02291847983753989,query_1,['TF:M09765']
TF,TF:M00933,Factor: Sp1; motif: CCCCGCCCCN,3.753866970919015e-06,True,Factor: Sp1; motif: CCCCGCCCCN,10019,239,165,20092,0.6903765690376569,0.01646870945204112,query_1,['TF:M00000']
TF,TF:M00933_1,Factor: Sp1; motif: CCCCGCCCCN; match class: 1,3.643187691383178e-06,True,Factor: Sp1; motif: CCCCGCCCCN; match class: 1,5364,239,107,20092,0.4476987447698745,0.019947800149142433,query_1,['TF:M00933']
TF,TF:M13366_1,Factor: ZBED4; motif: CCCGCYCCGC; match class: 1,3.4869724589442004e-06,True,Factor: ZBED4; motif: CCCGCYCCGC; match class: 1,3958,239,87,20092,0.36401673640167365,0.021980798383021728,query_1,['TF:M13366']
TF,TF:M00931,Factor: Sp1; motif: GGGGCGGGGC,5.416733239283799e-07,True,Factor: Sp1; motif: GGGGCGGGGC,10623,239,174,20092,0.7280334728033473,0.016379553798362045,query_1,['TF:M00000']
TF,TF:M13124_1,Factor: ZNF670; motif: SNGGGCRGRG; match class: 1,5.328345098086517e-07,True,Factor: ZNF670; motif: SNGGGCRGRG; match class: 1,8449,239,149,20092,0.6234309623430963,0.017635223103325836,query_1,['TF:M13124']
TF,TF:M10071,Factor: Sp1; motif: NGGGGGCGGGGCCNGGGGGGGG,5.299041221810662e-07,True,Factor: Sp1; motif: NGGGGGCGGGGCCNGGGGGGGG,8783,239,153,20092,0.6401673640167364,0.017420015939883866,query_1,['TF:M00000']
TF,TF:M01100,Factor: LRF; motif: GGGGKYNNB,1.4895463044941274e-08,True,Factor: LRF; motif: GGGGKYNNB,7787,239,145,20092,0.606694560669456,0.01862077822011044,query_1,['TF:M00000']
TF,TF:M09826_1,Factor: BTEB3; motif: CCNNSCCNSCCCCKCCCCC; match class: 1,1.1704444365447745e-08,True,Factor: BTEB3; motif: CCNNSCCNSCCCCKCCCCC; match class: 1,7928,239,147,20092,0.6150627615062761,0.018541876892028256,query_1,['TF:M09826']
TF,TF:M12160_1,Factor: KLF15; motif: RCCMCRCCCMCN; match class: 1,8.742111183517907e-09,True,Factor: KLF15; motif: RCCMCRCCCMCN; match class: 1,8313,239,152,20092,0.6359832635983264,0.018284614459280646,query_1,['TF:M12160']
TF,TF:M09970,Factor: KLF3; motif: NNNNNNGGGCGGGGCNNGN,7.316746992696376e-09,True,Factor: KLF3; motif: NNNNNNGGGCGGGGCNNGN,7968,239,148,20092,0.6192468619246861,0.01857429718875502,query_1,['TF:M00000']
TF,TF:M03567,Factor: Sp2; motif: NYSGCCCCGCCCCCY,6.6055824703639995e-09,True,Factor: Sp2; motif: NYSGCCCCGCCCCCY,7959,239,148,20092,0.6192468619246861,0.018595300917200654,query_1,['TF:M00000']
TF,TF:M03807,Factor: SP2; motif: GNNGGGGGCGGGGSN,6.290845260354318e-09,True,Factor: SP2; motif: GNNGGGGGCGGGGSN,8702,239,157,20092,0.6569037656903766,0.01804182946449092,query_1,['TF:M00000']
TF,TF:M13135,Factor: SP4; motif: GGCCCCGCCCCCN,4.5166567562461655e-09,True,Factor: SP4; motif: GGCCCCGCCCCCN,5760,239,120,20092,0.502092050209205,0.020833333333333332,query_1,['TF:M00000']
TF,TF:M13144_1,Factor: ZNF138; motif: GCAGCRSCNSGSNCMGSGCS; match class: 1,3.455071975234943e-09,True,Factor: ZNF138; motif: GCAGCRSCNSGSNCMGSGCS; match class: 1,5521,239,117,20092,0.4895397489539749,0.02119181307734106,query_1,['TF:M13144']
TF,TF:M12722_1,Factor: ZXDL; motif: GSGSCNNGGGMRGCNCCGGGS; match class: 1,3.1984729480522574e-09,True,Factor: ZXDL; motif: GSGSCNNGGGMRGCNCCGGGS; match class: 1,6863,239,135,20092,0.5648535564853556,0.01967069794550488,query_1,['TF:M12722']
TF,TF:M09970_1,Factor: KLF3; motif: NNNNNNGGGCGGGGCNNGN; match class: 1,2.366222446441354e-09,True,Factor: KLF3; motif: NNNNNNGGGCGGGGCNNGN; match class: 1,3910,239,94,20092,0.39330543933054396,0.02404092071611253,query_1,['TF:M09970']
TF,TF:M07395_1,Factor: Sp1; motif: NGGGGCGGGGN; match class: 1,1.9087037650282056e-09,True,Factor: Sp1; motif: NGGGGCGGGGN; match class: 1,6590,239,132,20092,0.5523012552301255,0.020030349013657057,query_1,['TF:M07395']
TF,TF:M07041,Factor: HDAC1; motif: KGCARGGTC,1.6778889715122777e-09,True,Factor: HDAC1; motif: KGCARGGTC,12787,239,202,20092,0.8451882845188284,0.01579729412684758,query_1,['TF:M00000']
TF,TF:M12173,Factor: GKLF; motif: NNCCMCRCCCN,1.1213465229805155e-09,True,Factor: GKLF; motif: NNCCMCRCCCN,10304,239,177,20092,0.7405857740585774,0.0171777950310559,query_1,['TF:M00000']
TF,TF:M00196_1,Factor: Sp1; motif: NGGGGGCGGGGYN; match class: 1,7.823689394141447e-10,True,Factor: Sp1; motif: NGGGGGCGGGGYN; match class: 1,6142,239,127,20092,0.5313807531380753,0.02067730380983393,query_1,['TF:M00196']
TF,TF:M00931_1,Factor: Sp1; motif: GGGGCGGGGC; match class: 1,6.437285990505825e-10,True,Factor: Sp1; motif: GGGGCGGGGC; match class: 1,6127,239,127,20092,0.5313807531380753,0.020727925575322343,query_1,['TF:M00931']
TF,TF:M01783,Factor: SP2; motif: GGGCGGGAC,4.378996804733909e-10,True,Factor: SP2; motif: GGGCGGGAC,9413,239,168,20092,0.702928870292887,0.017847657494953786,query_1,['TF:M00000']
TF,TF:M12351_1,Factor: TIEG1; motif: NCCCNSNCCCCGCCCCC; match class: 1,1.1703505366882807e-10,True,Factor: TIEG1; motif: NCCCNSNCCCCGCCCCC; match class: 1,8358,239,157,20092,0.6569037656903766,0.018784398181383107,query_1,['TF:M12351']
TF,TF:M01588,Factor: GKLF; motif: GCCMCRCCCNNN,7.855471196526675e-11,True,Factor: GKLF; motif: GCCMCRCCCNNN,9178,239,167,20092,0.698744769874477,0.01819568533449553,query_1,['TF:M00000']
TF,TF:M00932_1,Factor: Sp1; motif: NNGGGGCGGGGNN; match class: 1,4.593537582403647e-13,True,Factor: Sp1; motif: NNGGGGCGGGGNN; match class: 1,6274,239,136,20092,0.5690376569037657,0.021676761236850493,query_1,['TF:M00932']
TF,TF:M07277_1,Factor: BTEB2; motif: RGGGNGKGGN; match class: 1,2.2311465354390277e-08,True,Factor: BTEB2; motif: RGGGNGKGGN; match class: 1,4328,239,98,20092,0.4100418410041841,0.02264325323475046,query_1,['TF:M07277']
TF,TF:M13129,Factor: RERE; motif: CNGCNSCNNGSRCRGSGSS,2.2840179051764164e-08,True,Factor: RERE; motif: CNGCNSCNNGSRCRGSGSS,10401,239,175,20092,0.7322175732217573,0.0168253052591097,query_1,['TF:M00000']
TF,TF:M12666_1,Factor: SP1; motif: GGCCCCGCCCCCN; match class: 1,2.4077873305559037e-08,True,Factor: SP1; motif: GGCCCCGCCCCCN; match class: 1,4538,239,101,20092,0.4225941422594142,0.02225650066108418,query_1,['TF:M12666']
TF,TF:M09723,Factor: BTEB1; motif: GGGGGCGGGGCNGSGGGNGS,3.0263358882483234e-08,True,Factor: BTEB1; motif: GGGGGCGGGGCNGSGGGNGS,10337,239,174,20092,0.7280334728033473,0.016832736770823257,query_1,['TF:M00000']
TF,TF:M03922,Factor: SP4; motif: NWRGCCACGCCCMCTYN,4.98626109242389e-07,True,Factor: SP4; motif: NWRGCCACGCCCMCTYN,6225,239,121,20092,0.5062761506276151,0.019437751004016065,query_1,['TF:M00000']
TF,TF:M01783_1,Factor: SP2; motif: GGGCGGGAC; match class: 1,4.927194548515467e-07,True,Factor: SP2; motif: GGGCGGGAC; match class: 1,4489,239,97,20092,0.40585774058577406,0.02160837603029628,query_1,['TF:M01783']
TF,TF:M07486_1,Factor: ZNF300; motif: SWGGGGGSN; match class: 1,4.6253928093344576e-07,True,Factor: ZNF300; motif: SWGGGGGSN; match class: 1,7619,239,139,20092,0.5815899581589958,0.018243864024150153,query_1,['TF:M07486']
TF,TF:M00932,Factor: Sp1; motif: NNGGGGCGGGGNN,3.666725487088405e-07,True,Factor: Sp1; motif: NNGGGGCGGGGNN,10766,239,176,20092,0.7364016736401674,0.016347761471298534,query_1,['TF:M00000']
TF,TF:M13127_1,Factor: HA95; motif: CCSNSSCCNSCNCCWSCCNS; match class: 1,3.1880979930345484e-07,True,Factor: HA95; motif: CCSNSSCCNSCNCCWSCCNS; match class: 1,8649,239,152,20092,0.6359832635983264,0.017574286044629437,query_1,['TF:M13127']
TF,TF:M12354_1,Factor: ZNF37A; motif: CCYYGGCTCCNTSCCMN; match class: 1,2.9928397670552343e-07,True,Factor: ZNF37A; motif: CCYYGGCTCCNTSCCMN; match class: 1,5807,239,116,20092,0.48535564853556484,0.01997589116583434,query_1,['TF:M12354']
TF,TF:M09973,Factor: CPBP; motif: GNNRGGGHGGGGNNGGGRN,2.763912535591687e-07,True,Factor: CPBP; motif: GNNRGGGHGGGGNNGGGRN,11201,239,181,20092,0.7573221757322176,0.01615927149361664,query_1,['TF:M00000']
TF,TF:M09765,Factor: SP1; motif: NRGKGGGCGGGGCN,2.30529194767005e-07,True,Factor: SP1; motif: NRGKGGGCGGGGCN,7714,239,141,20092,0.5899581589958159,0.018278454757583613,query_1,['TF:M00000']
TF,TF:M01588_1,Factor: GKLF; motif: GCCMCRCCCNNN; match class: 1,2.1209276941886446e-07,True,Factor: GKLF; motif: GCCMCRCCCNNN; match class: 1,4085,239,92,20092,0.38493723849372385,0.02252141982864137,query_1,['TF:M01588']
TF,TF:M00695,Factor: ETF; motif: GVGGMGG,2.2559049733107855e-05,True,Factor: ETF; motif: GVGGMGG,10751,239,171,20092,0.7154811715481172,0.0159054971630546,query_1,['TF:M00000']
TF,TF:M00333,Factor: ZF5; motif: NRNGNGCGCGCWN,1.7656385764332023e-07,True,Factor: ZF5; motif: NRNGNGCGCGCWN,15500,239,222,20092,0.9288702928870293,0.01432258064516129,query_1,['TF:M00000']
TF,TF:M04148,Factor: TFAP2A; motif: NGCCCYNNGGGCN,1.222310120554478e-07,True,Factor: TFAP2A; motif: NGCCCYNNGGGCN,10292,239,172,20092,0.7196652719665272,0.01671200932763311,query_1,['TF:M00000']
TF,TF:M13135_1,Factor: SP4; motif: GGCCCCGCCCCCN; match class: 1,1.1524348906935816e-07,True,Factor: SP4; motif: GGCCCCGCCCCCN; match class: 1,2292,239,64,20092,0.26778242677824265,0.027923211169284468,query_1,['TF:M13135']
TF,TF:M03567_1,Factor: Sp2; motif: NYSGCCCCGCCCCCY; match class: 1,8.867704701879283e-08,True,Factor: Sp2; motif: NYSGCCCCGCCCCCY; match class: 1,3758,239,88,20092,0.3682008368200837,0.023416711016498136,query_1,['TF:M03567']
TF,TF:M02089_1,Factor: E2F-3; motif: GGCGGGN; match class: 1,6.112933185531533e-08,True,Factor: E2F-3; motif: GGCGGGN; match class: 1,9690,239,166,20092,0.694560669456067,0.017131062951496388,query_1,['TF:M02089']
TF,TF:M13124,Factor: ZNF670; motif: SNGGGCRGRG,5.6495744748465354e-08,True,Factor: ZNF670; motif: SNGGGCRGRG,13118,239,202,20092,0.8451882845188284,0.015398688824515932,query_1,['TF:M00000']
TF,TF:M04148_1,Factor: TFAP2A; motif: NGCCCYNNGGGCN; match class: 1,5.201304974896116e-08,True,Factor: TFAP2A; motif: NGCCCYNNGGGCN; match class: 1,9851,239,168,20092,0.702928870292887,0.01705410618211349,query_1,['TF:M04148']
TF,TF:M09817,Factor: PAX5; motif: RNGCGTGACCNN,4.82000296232139e-08,True,Factor: PAX5; motif: RNGCGTGACCNN,12791,239,199,20092,0.8326359832635983,0.015557814088030647,query_1,['TF:M00000']
TF,TF:M12666,Factor: SP1; motif: GGCCCCGCCCCCN,3.750007409067795e-08,True,Factor: SP1; motif: GGCCCCGCCCCCN,8951,239,158,20092,0.6610878661087866,0.017651659032510335,query_1,['TF:M00000']
TF,TF:M07277,Factor: BTEB2; motif: RGGGNGKGGN,3.2886642283248863e-08,True,Factor: BTEB2; motif: RGGGNGKGGN,8769,239,156,20092,0.6527196652719666,0.017789941840574752,query_1,['TF:M00000']
TF,TF:M12351,Factor: TIEG1; motif: NCCCNSNCCCCGCCCCC,1.6942695260991072e-07,True,Factor: TIEG1; motif: NCCCNSNCCCCGCCCCC,12609,239,196,20092,0.8200836820083682,0.015544452375287492,query_1,['TF:M00000']
TF,TF:M13132,Factor: ZNF609; motif: GNSNGGGNGCTGN,2.449824398486372e-05,True,Factor: ZNF609; motif: GNSNGGGNGCTGN,11774,239,182,20092,0.7615062761506276,0.015457788347205707,query_1,['TF:M00000']
TF,TF:M01199,Factor: RNF96; motif: BCCCGCRGCC,2.636073021076543e-05,True,Factor: RNF96; motif: BCCCGCRGCC,8770,239,148,20092,0.6192468619246861,0.016875712656784492,query_1,['TF:M00000']
TF,TF:M09862,Factor: ZNF614; motif: NCYCWGCCYYNNN,3.054249326559884e-05,True,Factor: ZNF614; motif: NCYCWGCCYYNNN,9637,239,158,20092,0.6610878661087866,0.016395143716924354,query_1,['TF:M00000']
TF,TF:M09636,Factor: MAZ; motif: GGGMGGGGSSGGGGGGGGGGGG,0.0006136738565302376,True,Factor: MAZ; motif: GGGMGGGGSSGGGGGGGGGGGG,16674,239,225,20092,0.9414225941422594,0.013494062612450522,query_1,['TF:M00000']
TF,TF:M11477,Factor: AP-2beta; motif: NSCCYNRGGSN,0.0006042583375740392,True,Factor: AP-2beta; motif: NSCCYNRGGSN,8464,239,140,20092,0.5857740585774058,0.0165406427221172,query_1,['TF:M00000']
TF,TF:M12153,Factor: Sp3; motif: NGCCACGCCCMCN,0.0006038809599028546,True,Factor: Sp3; motif: NGCCACGCCCMCN,6392,239,114,20092,0.4769874476987448,0.01783479349186483,query_1,['TF:M00000']
TF,TF:M01240_1,Factor: BEN; motif: CAGCGRNV; match class: 1,0.0005977157017691521,True,Factor: BEN; motif: CAGCGRNV; match class: 1,13603,239,197,20092,0.8242677824267782,0.014482099536866867,query_1,['TF:M01240']
TF,TF:M07289,Factor: GKLF; motif: NNNRGGNGNGGSN,0.0005906534180284943,True,Factor: GKLF; motif: NNNRGGNGNGGSN,15055,239,211,20092,0.8828451882845189,0.014015277316506144,query_1,['TF:M00000']
TF,TF:M13128_1,Factor: MED8; motif: CYYNSCYYCCTSCNCC; match class: 1,0.000560153164237073,True,Factor: MED8; motif: CYYNSCYYCCTSCNCC; match class: 1,8045,239,135,20092,0.5648535564853556,0.01678060907395898,query_1,['TF:M13128']
TF,TF:M01104,Factor: MOVO-B; motif: GNGGGGG,0.0005033145218960075,True,Factor: MOVO-B; motif: GNGGGGG,10580,239,165,20092,0.6903765690376569,0.015595463137996219,query_1,['TF:M00000']
TF,TF:M10438,Factor: ZF5; motif: GGSGCGCGS,0.000491602384185817,True,Factor: ZF5; motif: GGSGCGCGS,16651,239,225,20092,0.9414225941422594,0.013512701939823435,query_1,['TF:M00000']
TF,TF:M00986,Factor: Churchill; motif: CGGGNN,0.00047927390777720687,True,Factor: Churchill; motif: CGGGNN,14603,239,207,20092,0.8661087866108786,0.014175169485722111,query_1,['TF:M00000']
TF,TF:M01303,Factor: SP1; motif: GGGGYGGGGNS,0.000472005395994138,True,Factor: SP1; motif: GGGGYGGGGNS,8188,239,137,20092,0.5732217573221757,0.01673180263800684,query_1,['TF:M00000']
TF,TF:M09894,Factor: E2F-4; motif: SNGGGCGGGAANN,0.00046388848154440903,True,Factor: E2F-4; motif: SNGGGCGGGAANN,16645,239,225,20092,0.9414225941422594,0.013517572844698107,query_1,['TF:M00000']
TF,TF:M09972_1,Factor: BTEB2; motif: WGGGTGKGGCNGGN; match class: 1,0.0004275199632576608,True,Factor: BTEB2; motif: WGGGTGKGGCNGGN; match class: 1,4086,239,83,20092,0.3472803347280335,0.020313264806656878,query_1,['TF:M09972']
TF,TF:M00143,Factor: Pax-5; motif: BCNNNRNGCANBGNTGNRTAGCSGCHNB,0.0004006476463810911,True,Factor: Pax-5; motif: BCNNNRNGCANBGNTGNRTAGCSGCHNB,11637,239,177,20092,0.7405857740585774,0.015210105697344677,query_1,['TF:M00000']
TF,TF:M10435_1,Factor: Sp2; motif: GGGGCGGGG; match class: 1,0.0003436936859436072,True,Factor: Sp2; motif: GGGGCGGGG; match class: 1,3655,239,77,20092,0.32217573221757323,0.02106703146374829,query_1,['TF:M10435']
TF,TF:M09972,Factor: BTEB2; motif: WGGGTGKGGCNGGN,0.00033716945006093845,True,Factor: BTEB2; motif: WGGGTGKGGCNGGN,9486,239,153,20092,0.6401673640167364,0.016129032258064516,query_1,['TF:M00000']
TF,TF:M09910,Factor: ER-beta; motif: RGGTCASCNTGMCCY,0.0003297316500002289,True,Factor: ER-beta; motif: RGGTCASCNTGMCCY,9741,239,156,20092,0.6527196652719666,0.016014782876501387,query_1,['TF:M00000']
TF,TF:M13142,Factor: ZBTB33; motif: GGYGCTG,0.00029792170901945565,True,Factor: ZBTB33; motif: GGYGCTG,8795,239,145,20092,0.606694560669456,0.01648664013644116,query_1,['TF:M00000']
TF,TF:M02036,Factor: WT1; motif: CGCCCCCNCN,0.00028613476702687497,True,Factor: WT1; motif: CGCCCCCNCN,10071,239,160,20092,0.6694560669456067,0.015887200873796047,query_1,['TF:M00000']
TF,TF:M07226,Factor: SP1; motif: NCCCCKCCCCC,0.00028448455700499274,True,Factor: SP1; motif: NCCCCKCCCCC,8540,239,142,20092,0.5941422594142259,0.016627634660421546,query_1,['TF:M00000']
TF,TF:M03811_1,Factor: AP-2gamma; motif: GCCYNCRGSN; match class: 1,0.0006917482795941683,True,Factor: AP-2gamma; motif: GCCYNCRGSN; match class: 1,3922,239,80,20092,0.33472803347280333,0.02039775624681285,query_1,['TF:M03811']
TF,TF:M01721,Factor: PUR1; motif: GGGNCAGNN,0.000763659647877604,True,Factor: PUR1; motif: GGGNCAGNN,9330,239,150,20092,0.6276150627615062,0.01607717041800643,query_1,['TF:M00000']
TF,TF:M13366,Factor: ZBED4; motif: CCCGCYCCGC,0.0007682400856029018,True,Factor: ZBED4; motif: CCCGCYCCGC,7920,239,133,20092,0.5564853556485355,0.016792929292929294,query_1,['TF:M00000']
TF,TF:M09892,Factor: E2F-1; motif: NNNNGGCGGGAARN,0.0008189427047424108,True,Factor: E2F-1; motif: NNNNGGCGGGAARN,13943,239,200,20092,0.8368200836820083,0.014344115326687227,query_1,['TF:M00000']
TF,TF:M01253,Factor: CNOT3; motif: GGCCGCGSSS,0.0018189642686174854,True,Factor: CNOT3; motif: GGCCGCGSSS,3735,239,76,20092,0.3179916317991632,0.02034805890227577,query_1,['TF:M00000']
TF,TF:M08523_1,Factor: E2F-1:TBR2; motif: NGGTGNNANGGCGCNNTNNCRNNN; match class: 1,0.0017120467912040437,True,Factor: E2F-1:TBR2; motif: NGGTGNNANGGCGCNNTNNCRNNN; match class: 1,7613,239,128,20092,0.5355648535564853,0.016813345593064494,query_1,['TF:M08523']
TF,TF:M10530_1,Factor: sp4; motif: NNNGCYCCGCCCCCY; match class: 1,0.0015948991649591886,True,Factor: sp4; motif: NNNGCYCCGCCCCCY; match class: 1,3930,239,79,20092,0.3305439330543933,0.02010178117048346,query_1,['TF:M10530']
TF,TF:M00986_1,Factor: Churchill; motif: CGGGNN; match class: 1,0.0015402282713584872,True,Factor: Churchill; motif: CGGGNN; match class: 1,10721,239,165,20092,0.6903765690376569,0.015390355377296895,query_1,['TF:M00986']
TF,TF:M09896,Factor: E2F-7; motif: GRGGCGGGAANNN,0.0015234111581761802,True,Factor: E2F-7; motif: GRGGCGGGAANNN,10279,239,160,20092,0.6694560669456067,0.015565716509388072,query_1,['TF:M00000']
TF,TF:M00716,Factor: ZF5; motif: GSGCGCGR,0.0014888047772380997,True,Factor: ZF5; motif: GSGCGCGR,16523,239,223,20092,0.9330543933054394,0.013496338437329784,query_1,['TF:M00000']
TF,TF:M01199_1,Factor: RNF96; motif: BCCCGCRGCC; match class: 1,0.0014110711874793392,True,Factor: RNF96; motif: BCCCGCRGCC; match class: 1,4481,239,87,20092,0.36401673640167365,0.01941530908279402,query_1,['TF:M01199']
TF,TF:M11796_1,Factor: NR1B1; motif: NRGGNCRTGACCTN; match class: 1,0.0013889418301984105,True,Factor: NR1B1; motif: NRGGNCRTGACCTN; match class: 1,4984,239,94,20092,0.39330543933054396,0.01886035313001605,query_1,['TF:M11796']
TF,TF:M09738,Factor: ZNF511; motif: GGRRGRGGCWGNG,0.001316037310187388,True,Factor: ZNF511; motif: GGRRGRGGCWGNG,11148,239,170,20092,0.7112970711297071,0.015249372084678867,query_1,['TF:M00000']
TF,TF:M12599_1,Factor: E2F4; motif: YCCCGCCNCNNSSNNSNN; match class: 1,0.0002837047149399269,True,Factor: E2F4; motif: YCCCGCCNCNNSSNNSNN; match class: 1,16106,239,221,20092,0.9246861924686193,0.01372159443685583,query_1,['TF:M12599']
TF,TF:M12158,Factor: KLF15; motif: NCCMCGCCCMCN,0.0012486588169083551,True,Factor: KLF15; motif: NCCMCGCCCMCN,10783,239,166,20092,0.694560669456067,0.015394602615227673,query_1,['TF:M00000']
TF,TF:M09969_1,Factor: EKLF; motif: NGGGYGKGGCNNGG; match class: 1,0.0011623665087506932,True,Factor: EKLF; motif: NGGGYGKGGCNNGG; match class: 1,1546,239,42,20092,0.17573221757322174,0.027166882276843468,query_1,['TF:M09969']
TF,TF:M04953,Factor: Sp1; motif: GGNDGGRGGCGGGG,0.0010979585531651198,True,Factor: Sp1; motif: GGNDGGRGGCGGGG,8953,239,145,20092,0.606694560669456,0.016195688596001342,query_1,['TF:M00000']
TF,TF:M11531,Factor: E2F-2; motif: GCGCGCGCGYW,0.0010867506964755626,True,Factor: E2F-2; motif: GCGCGCGCGYW,13676,239,197,20092,0.8242677824267782,0.01440479672418836,query_1,['TF:M00000']
TF,TF:M01047_1,Factor: AP-2alphaA; motif: ANMGCCTNAGGCKNT; match class: 1,0.0010589908946975414,True,Factor: AP-2alphaA; motif: ANMGCCTNAGGCKNT; match class: 1,8698,239,142,20092,0.5941422594142259,0.016325592090135663,query_1,['TF:M01047']
TF,TF:M01047,Factor: AP-2alphaA; motif: ANMGCCTNAGGCKNT,0.0010589908946975414,True,Factor: AP-2alphaA; motif: ANMGCCTNAGGCKNT,8698,239,142,20092,0.5941422594142259,0.016325592090135663,query_1,['TF:M00000']
TF,TF:M07206_1,Factor: E2F-1; motif: NGGGCGGGARV; match class: 1,0.0010136786920680312,True,Factor: E2F-1; motif: NGGGCGGGARV; match class: 1,11205,239,171,20092,0.7154811715481172,0.015261044176706828,query_1,['TF:M07206']
TF,TF:M08911_1,Factor: CTCF; motif: NCCRSTAGGGGGCGC; match class: 1,0.0009587417818841167,True,Factor: CTCF; motif: NCCRSTAGGGGGCGC; match class: 1,4091,239,82,20092,0.34309623430962344,0.02004399902224395,query_1,['TF:M08911']
TF,TF:M13146_1,Factor: ZNF232; motif: NCAGCASCNNGGNCAGCGCC; match class: 1,0.000919999921019375,True,Factor: ZNF232; motif: NCAGCASCNNGGNCAGCGCC; match class: 1,2304,239,55,20092,0.2301255230125523,0.023871527777777776,query_1,['TF:M13146']
TF,TF:M01303_1,Factor: SP1; motif: GGGGYGGGGNS; match class: 1,0.0008881560812355044,True,Factor: SP1; motif: GGGGYGGGGNS; match class: 1,3670,239,76,20092,0.3179916317991632,0.020708446866485014,query_1,['TF:M01303']
TF,TF:M08525,Factor: E2F-1:HES-7; motif: GGCRCGTGSYNNWNGGCGCSM,0.001184725485237327,True,Factor: E2F-1:HES-7; motif: GGCRCGTGSYNNWNGGCGCSM,17527,239,231,20092,0.9665271966527197,0.01317966565869801,query_1,['TF:M00000']
TF,TF:M04869_1,Factor: Egr-1; motif: GCGCATGCG; match class: 1,0.0018554323010065653,True,Factor: Egr-1; motif: GCGCATGCG; match class: 1,10568,239,163,20092,0.6820083682008368,0.015423921271763815,query_1,['TF:M04869']
TF,TF:M00716_1,Factor: ZF5; motif: GSGCGCGR; match class: 1,0.00025915551921570294,True,Factor: ZF5; motif: GSGCGCGR; match class: 1,14532,239,207,20092,0.8661087866108786,0.014244426094137078,query_1,['TF:M00716']
TF,TF:M04869,Factor: Egr-1; motif: GCGCATGCG,0.0002489560004628446,True,Factor: Egr-1; motif: GCGCATGCG,11579,239,177,20092,0.7405857740585774,0.015286294153208395,query_1,['TF:M00000']
TF,TF:M07409,Factor: BTEB2; motif: GCCCCRCCCH,9.093061182338343e-05,True,Factor: BTEB2; motif: GCCCCRCCCH,5369,239,103,20092,0.4309623430962343,0.019184205624883592,query_1,['TF:M00000']
TF,TF:M07615_1,Factor: Sp3; motif: GGGGCGGGGSNN; match class: 1,8.800266564851296e-05,True,Factor: Sp3; motif: GGGGCGGGGSNN; match class: 1,3017,239,69,20092,0.28870292887029286,0.02287040106065628,query_1,['TF:M07615']
TF,TF:M00803_1,Factor: E2F; motif: GGCGSG; match class: 1,8.19633007646016e-05,True,Factor: E2F; motif: GGCGSG; match class: 1,10540,239,167,20092,0.698744769874477,0.01584440227703985,query_1,['TF:M00803']
TF,TF:M09817_1,Factor: PAX5; motif: RNGCGTGACCNN; match class: 1,7.632267868780168e-05,True,Factor: PAX5; motif: RNGCGTGACCNN; match class: 1,6325,239,116,20092,0.48535564853556484,0.0183399209486166,query_1,['TF:M09817']
TF,TF:M12186,Factor: BTEB4; motif: NCCACGCCCM,6.696241462635488e-05,True,Factor: BTEB4; motif: NCCACGCCCM,9382,239,154,20092,0.6443514644351465,0.0164144105734385,query_1,['TF:M00000']
TF,TF:M09894_1,Factor: E2F-4; motif: SNGGGCGGGAANN; match class: 1,6.197347747738058e-05,True,Factor: E2F-4; motif: SNGGGCGGGAANN; match class: 1,14371,239,207,20092,0.8661087866108786,0.014404008071811287,query_1,['TF:M09894']
TF,TF:M11478,Factor: AP-2beta; motif: NSCCNNNGGSN,5.806581951756281e-05,True,Factor: AP-2beta; motif: NSCCNNNGGSN,10234,239,164,20092,0.6861924686192469,0.0160250146570256,query_1,['TF:M00000']
TF,TF:M10435,Factor: Sp2; motif: GGGGCGGGG,5.7646994334675995e-05,True,Factor: Sp2; motif: GGGGCGGGG,7949,239,137,20092,0.5732217573221757,0.017234872310982512,query_1,['TF:M00000']
TF,TF:M11482,Factor: AP-2gamma; motif: NSCCYNNRGSN,5.009839503094873e-05,True,Factor: AP-2gamma; motif: NSCCYNNRGSN,6899,239,124,20092,0.5188284518828452,0.01797361936512538,query_1,['TF:M00000']
TF,TF:M12160,Factor: KLF15; motif: RCCMCRCCCMCN,4.352534448781826e-05,True,Factor: KLF15; motif: RCCMCRCCCMCN,13097,239,195,20092,0.8158995815899581,0.01488890585630297,query_1,['TF:M00000']
TF,TF:M12597,Factor: E2F1; motif: GSGCGGGAAN,4.15427328694348e-05,True,Factor: E2F1; motif: GSGCGGGAAN,14434,239,208,20092,0.8702928870292888,0.014410419842039628,query_1,['TF:M00000']
TF,TF:M07615,Factor: Sp3; motif: GGGGCGGGGSNN,4.117278332308935e-05,True,Factor: Sp3; motif: GGGGCGGGGSNN,7035,239,126,20092,0.5271966527196653,0.01791044776119403,query_1,['TF:M00000']
TF,TF:M08209,Factor: E2F-3:FOXO6; motif: NAATGACACGCGCCCMC,4.0049277803814026e-05,True,Factor: E2F-3:FOXO6; motif: NAATGACACGCGCCCMC,14006,239,204,20092,0.8535564853556485,0.014565186348707697,query_1,['TF:M00000']
TF,TF:M06948,Factor: Sp2; motif: TGGGCGCGCCCA,3.6453614840006766e-05,True,Factor: Sp2; motif: TGGGCGCGCCCA,9143,239,152,20092,0.6359832635983264,0.016624740238433775,query_1,['TF:M00000']
TF,TF:M03876_1,Factor: Kaiso; motif: GCMGGGRGCRGS; match class: 1,3.526200769080777e-05,True,Factor: Kaiso; motif: GCMGGGRGCRGS; match class: 1,9395,239,155,20092,0.6485355648535565,0.016498137307078234,query_1,['TF:M03876']
TF,TF:M12722,Factor: ZXDL; motif: GSGSCNNGGGMRGCNCCGGGS,3.523922733978547e-05,True,Factor: ZXDL; motif: GSGSCNNGGGMRGCNCCGGGS,10892,239,172,20092,0.7196652719665272,0.01579140653690782,query_1,['TF:M00000']
TF,TF:M10072_1,Factor: sp4; motif: NNGNARGRGGCGGRGCNNRR; match class: 1,3.227259993296891e-05,True,Factor: sp4; motif: NNGNARGRGGCGGRGCNNRR; match class: 1,6467,239,119,20092,0.497907949790795,0.018401113344672954,query_1,['TF:M10072']
TF,TF:M00915,Factor: AP-2; motif: SNNNCCNCAGGCN,3.120611804286398e-05,True,Factor: AP-2; motif: SNNNCCNCAGGCN,9900,239,161,20092,0.6736401673640168,0.016262626262626263,query_1,['TF:M00000']
TF,TF:M09826,Factor: BTEB3; motif: CCNNSCCNSCCCCKCCCCC,3.0550614221315117e-05,True,Factor: BTEB3; motif: CCNNSCCNSCCCCKCCCCC,11988,239,184,20092,0.7698744769874477,0.015348682015348681,query_1,['TF:M00000']
TF,TF:M12636_1,Factor: MLLT10; motif: CYNNCCNNGGNGCTG; match class: 1,9.403818259926214e-05,True,Factor: MLLT10; motif: CYNNCCNNGGNGCTG; match class: 1,3614,239,78,20092,0.3263598326359833,0.02158273381294964,query_1,['TF:M12636']
TF,TF:M07380,Factor: E2F-4; motif: NTTTCSCGCC,9.409091413153132e-05,True,Factor: E2F-4; motif: NTTTCSCGCC,13385,239,197,20092,0.8242677824267782,0.014717967874486365,query_1,['TF:M00000']
TF,TF:M09971,Factor: GKLF; motif: WGGGYGKGGC,0.00010735125156964193,True,Factor: GKLF; motif: WGGGYGKGGC,5681,239,107,20092,0.4476987447698745,0.01883471219855659,query_1,['TF:M00000']
TF,TF:M08867,Factor: AP2; motif: GCCYGSGGSN,0.00014030913210556255,True,Factor: AP2; motif: GCCYGSGGSN,10337,239,164,20092,0.6861924686192469,0.015865338105833415,query_1,['TF:M00000']
TF,TF:M11882_1,Factor: pax-6; motif: NYACGCNYSANYGMNCN; match class: 1,0.0002464799234982921,True,Factor: pax-6; motif: NYACGCNYSANYGMNCN; match class: 1,11763,239,179,20092,0.7489539748953975,0.015217206494941767,query_1,['TF:M11882']
TF,TF:M07063_1,Factor: Sp1; motif: GGGGCGGGGC; match class: 1,0.0002374022022262199,True,Factor: Sp1; motif: GGGGCGGGGC; match class: 1,2644,239,62,20092,0.2594142259414226,0.023449319213313162,query_1,['TF:M07063']
TF,TF:M09636_1,Factor: MAZ; motif: GGGMGGGGSSGGGGGGGGGGGG; match class: 1,0.00023539982522413362,True,Factor: MAZ; motif: GGGMGGGGSSGGGGGGGGGGGG; match class: 1,14521,239,207,20092,0.8661087866108786,0.014255216582879968,query_1,['TF:M09636']
TF,TF:M11478_1,Factor: AP-2beta; motif: NSCCNNNGGSN; match class: 1,0.0002242956962788629,True,Factor: AP-2beta; motif: NSCCNNNGGSN; match class: 1,8265,239,139,20092,0.5815899581589958,0.016817906836055656,query_1,['TF:M11478']
TF,TF:M02089,Factor: E2F-3; motif: GGCGGGN,0.00021400667434103251,True,Factor: E2F-3; motif: GGCGGGN,13581,239,198,20092,0.8284518828451883,0.0145791915175613,query_1,['TF:M00000']
TF,TF:M07409_1,Factor: BTEB2; motif: GCCCCRCCCH; match class: 1,0.0002103214779912272,True,Factor: BTEB2; motif: GCCCCRCCCH; match class: 1,1906,239,50,20092,0.20920502092050208,0.026232948583420776,query_1,['TF:M07409']
TF,TF:M12152_1,Factor: Sp1; motif: NWRGCCACGCCCMCN; match class: 1,0.00020284449937569762,True,Factor: Sp1; motif: NWRGCCACGCCCMCN; match class: 1,2951,239,67,20092,0.2803347280334728,0.02270416807861742,query_1,['TF:M12152']
TF,TF:M10432,Factor: MAZ; motif: GGGMGGGGS,0.00019657414573028112,True,Factor: MAZ; motif: GGGMGGGGS,9593,239,155,20092,0.6485355648535565,0.01615761492755134,query_1,['TF:M00000']
TF,TF:M11490,Factor: LBP-1; motif: NRCCGGTNNNNACCGGYN,0.00019141162305023367,True,Factor: LBP-1; motif: NRCCGGTNNNNACCGGYN,6964,239,123,20092,0.5146443514644351,0.017662263067202758,query_1,['TF:M00000']
TF,TF:M08441_1,Factor: AP-2gamma:Elk-1; motif: NGCCKNRGGSGRCGGAAGTG; match class: 1,0.00025455904426735905,True,Factor: AP-2gamma:Elk-1; motif: NGCCKNRGGSGRCGGAAGTG; match class: 1,13104,239,193,20092,0.8075313807531381,0.014728327228327228,query_1,['TF:M08441']
TF,TF:M12151_1,Factor: Sp1; motif: NWRGCCMCGCCCMCN; match class: 1,0.00019002704278122908,True,Factor: Sp1; motif: NWRGCCMCGCCCMCN; match class: 1,2628,239,62,20092,0.2594142259414226,0.02359208523592085,query_1,['TF:M12151']
TF,TF:M11529_1,Factor: E2F-2; motif: GCGCGCGCNCS; match class: 1,0.00018583114375030535,True,Factor: E2F-2; motif: GCGCGCGCNCS; match class: 1,14924,239,211,20092,0.8828451882845189,0.014138300723666578,query_1,['TF:M11529']
TF,TF:M12725,Factor: PHB; motif: NCCCAGCCCCY,0.00018543698050218428,True,Factor: PHB; motif: NCCCAGCCCCY,10019,239,160,20092,0.6694560669456067,0.01596965765046412,query_1,['TF:M00000']
TF,TF:M08878_1,Factor: EGR; motif: CGCCCCCGCNN; match class: 1,0.00017015902790230722,True,Factor: EGR; motif: CGCCCCCGCNN; match class: 1,3329,239,73,20092,0.3054393305439331,0.02192850705917693,query_1,['TF:M08878']
TF,TF:M07486,Factor: ZNF300; motif: SWGGGGGSN,0.00016972512601314918,True,Factor: ZNF300; motif: SWGGGGGSN,13056,239,193,20092,0.8075313807531381,0.014782475490196078,query_1,['TF:M00000']
TF,TF:M00008_1,Factor: Sp1; motif: GGGGCGGGGT; match class: 1,0.00015917217091791907,True,Factor: Sp1; motif: GGGGCGGGGT; match class: 1,5131,239,99,20092,0.41422594142259417,0.01929448450594426,query_1,['TF:M00008']
TF,TF:M04863_1,Factor: TF3C-beta; motif: CCNGGAGGGCTTCCTGGAGGAG; match class: 1,0.0001521400125834539,True,Factor: TF3C-beta; motif: CCNGGAGGGCTTCCTGGAGGAG; match class: 1,8800,239,146,20092,0.6108786610878661,0.01659090909090909,query_1,['TF:M04863']
TF,TF:M11482_1,Factor: AP-2gamma; motif: NSCCYNNRGSN; match class: 1,0.0001487220187501596,True,Factor: AP-2gamma; motif: NSCCYNNRGSN; match class: 1,2121,239,54,20092,0.22594142259414227,0.02545968882602546,query_1,['TF:M11482']
TF,TF:M04823,Factor: E2F-4; motif: NNTTCCCGCCNN,0.00014602833182449126,True,Factor: E2F-4; motif: NNTTCCCGCCNN,13137,239,194,20092,0.8117154811715481,0.014767450711730228,query_1,['TF:M00000']
TF,TF:M12508,Factor: EGR1; motif: NNMCGCCCACGCNN,0.0001427474671968018,True,Factor: EGR1; motif: NNMCGCCCACGCNN,6621,239,119,20092,0.497907949790795,0.01797311584352817,query_1,['TF:M00000']
TF,TF:M03920,Factor: SP1; motif: RCCMCRCCCMC,0.00018635236891753005,True,Factor: SP1; motif: RCCMCRCCCMC,7515,239,130,20092,0.5439330543933054,0.017298735861610112,query_1,['TF:M00000']
WP,WP:WP4657,22q11 2 copy number variation syndrome,3.971211622930283e-27,True,22q11 2 copy number variation syndrome,125,137,31,8752,0.22627737226277372,0.248,query_1,['WP:000000']
